2023-08-07 00:00Z,0,129.81,165.38,0,0,19156.11,8454.7,0,0
2023-08-07 00:01Z,0,129.81,165.38,0,0,19156.11,8454.7,0,0
2023-08-07 00:02Z,0,129.45,165.38,0.36,0,19156.11,8454.7,0,0
2023-08-07 00:03Z,0,129.45,165.38,0,0,19156.11,8454.7,0,0
2023-08-07 00:04Z,0,129.45,165.38,0,0,19156.11,8454.7,0,0
2023-08-07 00:05Z,0,129.09,165.38,0.36,0,19156.11,8454.7,0,0
2023-08-07 00:06Z,0,129.09,165.38,0,0,19156.11,8454.7,0,0
2023-08-07 00:07Z,0,129.09,165.38,0,0,19156.11,8454.7,0,0
2023-08-07 00:08Z,0,129.09,165.38,0,0,19156.11,8454.7,0,0
2023-08-07 00:09Z,0,129.09,165.38,0,0,19156.11,8454.7,0,0
2023-08-07 00:10Z,0,129.09,165.38,0,0,19156.11,8454.7,0,0
2023-08-07 00:11Z,0,128.73,165.38,0.36,0,19156.11,8454.7,0,0
2023-08-07 00:12Z,0,128.36,165.38,0.37,0,19156.11,8454.7,0,0
2023-08-07 00:13Z,0,128,165.38,0.36,0,19156.11,8454.7,0,0
2023-08-07 00:14Z,0,128,165.38,0,0,19156.11,8454.7,0,0
2023-08-07 00:15Z,799,128,165.38,-1.81,0,19156.11,8454.7,0,0
2023-08-07 00:16Z,0,128,165.38,0,0,19156.11,8454.7,0,0
2023-08-07 00:17Z,0,128,165.38,0,0,19156.11,8454.7,0,0
2023-08-07 00:18Z,0,128,165.38,0,0,19156.11,8454.7,0,0
2023-08-07 00:19Z,0,128,165.38,0,0,19156.11,8454.7,0,0
2023-08-07 00:20Z,0,127.64,165.38,0.36,0,19156.11,8454.7,0,0
2023-08-07 00:21Z,0,127.64,165.38,0,0,19156.11,8454.7,0,0
2023-08-07 00:22Z,0,127.64,165.38,0,0,19156.11,8454.7,0,0
2023-08-07 00:23Z,0,127.64,165.38,0,0,19156.11,8454.7,0,0
2023-08-07 00:24Z,0,127.64,165.38,0,0,19156.11,8454.7,0,0
2023-08-07 00:25Z,0,127.64,165.38,0,0,19156.11,8454.7,0,0
2023-08-07 00:26Z,0,127.64,165.38,0,0,19156.11,8454.7,0,0
2023-08-07 00:27Z,0,127.64,165.38,0,0,19156.11,8454.7,0,0
2023-08-07 00:28Z,0,127.64,165.38,0,0,19156.11,8454.7,0,0
2023-08-07 00:29Z,0,127.27,165.38,0.37,0,19156.11,8454.7,0,0
2023-08-07 00:30Z,775,126.91,165.38,-1.09,0,19156.11,8454.7,0,0
2023-08-07 00:31Z,0,126.55,165.38,0.72,0,19156.11,8454.7,0,0
2023-08-07 00:32Z,0,126.55,165.38,0,0,19156.11,8454.7,0,0
2023-08-07 00:33Z,0,126.55,165.38,0,0,19156.11,8454.7,0,0
2023-08-07 00:34Z,0,126.55,165.38,0,0,19156.11,8454.7,0,0
2023-08-07 00:35Z,0,126.55,165.38,0,0,19156.11,8454.7,0,0
2023-08-07 00:36Z,0,126.19,165.38,0.36,0,19156.11,8454.7,0,0
2023-08-07 00:37Z,0,125.82,165.38,0.37,0,19156.11,8454.7,0,0
2023-08-07 00:38Z,0,125.82,165.38,0,0,19156.11,8454.7,0,0
2023-08-07 00:39Z,0,125.82,165.38,0,0,19156.11,8454.7,0,0
2023-08-07 00:40Z,0,125.82,165.38,0,0,19156.11,8454.7,0,0
2023-08-07 00:41Z,0,125.82,165.38,0,0,19156.11,8454.7,0,0
2023-08-07 00:42Z,0,125.82,165.38,0,0,19156.11,8454.7,0,0
2023-08-07 00:43Z,0,125.46,165.38,0.36,0,19156.11,8454.7,0,0
2023-08-07 00:44Z,0,125.46,165.38,0,0,19156.11,8454.7,0,0
2023-08-07 00:45Z,797,125.46,165.38,-1.45,0,19156.11,8454.7,0,0
2023-08-07 00:46Z,0,125.46,165.38,0,0,19156.11,8454.7,0,0
2023-08-07 00:47Z,0,125.46,165.38,0,0,19156.11,8454.7,0,0
2023-08-07 00:48Z,0,125.46,165.38,0,0,19156.11,8454.7,0,0
2023-08-07 00:49Z,0,125.46,165.38,0,0,19156.11,8454.7,0,0
2023-08-07 00:50Z,0,125.46,165.38,0,0,19156.11,8454.7,0,0
2023-08-07 00:51Z,0,125.46,165.38,0,0,19156.11,8454.7,0,0
2023-08-07 00:52Z,0,125.46,165.38,0,0,19156.11,8454.7,0,0
2023-08-07 00:53Z,0,125.46,165.38,0,0,19156.11,8454.7,0,0
2023-08-07 00:54Z,0,125.46,165.38,0,0,19156.11,8454.7,0,0
2023-08-07 00:55Z,0,125.1,165.38,0.36,0,19156.11,8454.7,0,0
2023-08-07 00:56Z,0,125.1,165.38,0,0,19156.11,8454.7,0,0
2023-08-07 00:57Z,0,125.1,165.38,0,0,19156.11,8454.7,0,0
2023-08-07 00:58Z,0,125.1,165.38,0,0,19156.11,8454.7,0,0
2023-08-07 00:59Z,0,125.1,165.38,0,0,19156.11,8454.7,0,0
2023-08-07 01:00Z,784,125.1,165.38,-0.36,0,19156.11,8454.7,0,0
2023-08-07 01:01Z,0,125.1,165.38,0,0,19156.11,8454.7,0,0
2023-08-07 01:02Z,0,125.1,165.38,0,0,19156.11,8454.7,0,0
2023-08-07 01:03Z,0,124.73,165.38,0.37,0,19156.11,8454.7,0,0
2023-08-07 01:04Z,0,124.73,165.38,0,0,19156.11,8454.7,0,0
2023-08-07 01:05Z,0,124.37,165.38,0.36,0,19156.11,8454.7,0,0
2023-08-07 01:06Z,0,124.37,165.38,0,0,19156.11,8454.7,0,0
2023-08-07 01:07Z,0,124.37,165.38,0,0,19156.11,8454.7,0,0
2023-08-07 01:08Z,0,124.01,165.38,0.36,0,19156.11,8454.7,0,0
2023-08-07 01:09Z,0,124.01,165.38,0,0,19156.11,8454.7,0,0
2023-08-07 01:10Z,0,123.65,165.38,0.36,0,19156.11,8454.7,0,0
2023-08-07 01:11Z,0,123.65,165.38,0,0,19156.11,8454.7,0,0
2023-08-07 01:12Z,0,123.65,165.38,0,0,19156.11,8454.7,0,0
2023-08-07 01:13Z,0,123.65,165.38,0,0,19156.11,8454.7,0,0
2023-08-07 01:14Z,0,123.65,165.38,0,0,19156.11,8454.7,0,0
2023-08-07 01:15Z,816,123.65,165.38,-1.45,0,19156.11,8454.7,0,0
2023-08-07 01:16Z,0,123.65,165.38,0,0,19156.11,8454.7,0,0
2023-08-07 01:17Z,0,123.65,165.38,0,0,19156.11,8454.7,0,0
2023-08-07 01:18Z,0,123.65,165.38,0,0,19156.11,8454.7,0,0
2023-08-07 01:19Z,0,123.65,165.38,0,0,19156.11,8454.7,0,0
2023-08-07 01:20Z,0,123.65,165.38,0,0,19156.11,8454.7,0,0
2023-08-07 01:21Z,0,123.65,165.38,0,0,19156.11,8454.7,0,0
2023-08-07 01:22Z,0,123.28,165.38,0.37,0,19156.11,8454.7,0,0
2023-08-07 01:23Z,0,123.28,165.38,0,0,19156.11,8454.7,0,0
2023-08-07 01:24Z,0,123.28,165.38,0,0,19156.11,8454.7,0,0
2023-08-07 01:25Z,0,122.92,165.38,0.36,0,19156.11,8454.7,0,0
2023-08-07 01:26Z,0,122.92,165.38,0,0,19156.11,8454.7,0,0
2023-08-07 01:27Z,0,122.56,165.38,0.36,0,19156.11,8454.7,0,0
2023-08-07 01:28Z,0,122.19,165.38,0.37,0,19156.11,8454.7,0,0
2023-08-07 01:29Z,0,122.19,165.38,0,0,19156.11,8454.7,0,0
2023-08-07 01:30Z,798,122.19,165.38,-1.46,0,19156.11,8454.7,0,0
2023-08-07 01:31Z,0,122.19,165.38,0,0,19156.11,8454.7,0,0
2023-08-07 01:32Z,0,122.19,165.38,0,0,19156.11,8454.7,0,0
2023-08-07 01:33Z,0,122.19,165.38,0,0,19156.11,8454.7,0,0
2023-08-07 01:34Z,0,122.19,165.38,0,0,19156.11,8454.7,0,0
2023-08-07 01:35Z,0,122.19,165.38,0,0,19156.11,8454.7,0,0
2023-08-07 01:36Z,0,122.19,165.38,0,0,19156.11,8454.7,0,0
2023-08-07 01:37Z,0,122.19,165.38,0,0,19156.11,8454.7,0,0
2023-08-07 01:38Z,0,122.19,165.38,0,0,19156.11,8454.7,0,0
2023-08-07 01:39Z,0,121.83,165.38,0.36,0,19156.11,8454.7,0,0
2023-08-07 01:40Z,0,121.83,165.38,0,0,19156.11,8454.7,0,0
2023-08-07 01:41Z,0,121.83,165.38,0,0,19156.11,8454.7,0,0
2023-08-07 01:42Z,0,121.83,165.38,0,0,19156.11,8454.7,0,0
2023-08-07 01:43Z,0,121.83,165.38,0,0,19156.11,8454.7,0,0
2023-08-07 01:44Z,0,121.83,165.38,0,0,19156.11,8454.7,0,0
2023-08-07 01:45Z,739,121.83,165.38,-0.36,0,19156.11,8454.7,0,0
2023-08-07 01:46Z,0,121.83,165.38,0,0,19156.11,8454.7,0,0
2023-08-07 01:47Z,0,121.83,165.38,0,0,19156.11,8454.7,0,0
2023-08-07 01:48Z,0,121.47,165.38,0.36,0,19156.11,8454.7,0,0
2023-08-07 01:49Z,0,121.1,165.38,0.37,0,19156.11,8454.7,0,0
2023-08-07 01:50Z,0,121.1,165.38,0,0,19156.11,8454.7,0,0
2023-08-07 01:51Z,0,120.74,165.38,0.36,0,19156.11,8454.7,0,0
2023-08-07 01:52Z,0,120.74,165.38,0,0,19156.11,8454.7,0,0
2023-08-07 01:53Z,0,120.74,165.38,0,0,19156.11,8454.7,0,0
2023-08-07 01:54Z,0,120.74,165.38,0,0,19156.11,8454.7,0,0
2023-08-07 01:55Z,0,120.74,165.38,0,0,19156.11,8454.7,0,0
2023-08-07 01:56Z,0,120.74,165.38,0,0,19156.11,8454.7,0,0
2023-08-07 01:57Z,0,120.74,165.38,0,0,19156.11,8454.7,0,0
2023-08-07 01:58Z,0,120.74,165.38,0,0,19156.11,8454.7,0,0
2023-08-07 01:59Z,0,120.74,165.38,0,0,19156.11,8454.7,0,0
2023-08-07 02:00Z,763,120.74,165.38,-1.09,0,19156.11,8454.7,0,0
2023-08-07 02:01Z,0,120.38,165.38,0.36,0,19156.11,8454.7,0,0
2023-08-07 02:02Z,0,120.38,165.38,0,0,19156.11,8454.7,0,0
2023-08-07 02:03Z,0,120.02,165.38,0.36,0,19156.11,8454.7,0,0
2023-08-07 02:04Z,0,119.65,165.38,0.37,0,19156.11,8454.7,0,0
2023-08-07 02:05Z,0,119.65,165.38,0,0,19156.11,8454.7,0,0
2023-08-07 02:06Z,0,119.65,165.38,0,0,19156.11,8454.7,0,0
2023-08-07 02:07Z,0,119.65,165.38,0,0,19156.11,8454.7,0,0
2023-08-07 02:08Z,0,119.65,165.38,0,0,19156.11,8454.7,0,0
2023-08-07 02:09Z,0,119.65,165.38,0,0,19156.11,8454.7,0,0
2023-08-07 02:10Z,0,119.65,165.38,0,0,19156.11,8454.7,0,0
2023-08-07 02:11Z,0,119.65,165.38,0,0,19156.11,8454.7,0,0
2023-08-07 02:12Z,0,119.65,165.38,0,0,19156.11,8454.7,0,0
2023-08-07 02:13Z,0,119.65,165.38,0,0,19156.11,8454.7,0,0
2023-08-07 02:14Z,0,118.93,165.38,0.72,0,19156.11,8454.7,0,0
2023-08-07 02:15Z,757,118.93,165.38,-1.81,0,19156.11,8454.7,0,0
2023-08-07 02:16Z,0,118.93,165.38,0,0,19156.11,8454.7,0,0
2023-08-07 02:17Z,0,118.93,165.38,0,0,19156.11,8454.7,0,0
2023-08-07 02:18Z,0,118.93,165.38,0,0,19156.11,8454.7,0,0
2023-08-07 02:19Z,0,118.93,165.38,0,0,19156.11,8454.7,0,0
2023-08-07 02:20Z,0,118.93,165.38,0,0,19156.11,8454.7,0,0
2023-08-07 02:21Z,0,118.93,165.38,0,0,19156.11,8454.7,0,0
2023-08-07 02:22Z,0,118.56,165.38,0.37,0,19156.11,8454.7,0,0
2023-08-07 02:23Z,0,118.56,165.38,0,0,19156.11,8454.7,0,0
2023-08-07 02:24Z,0,118.2,165.38,0.36,0,19156.11,8454.7,0,0
2023-08-07 02:25Z,0,118.2,165.38,0,0,19156.11,8454.7,0,0
2023-08-07 02:26Z,0,118.2,165.38,0,0,19156.11,8454.7,0,0
2023-08-07 02:27Z,0,118.2,165.38,0,0,19156.11,8454.7,0,0
2023-08-07 02:28Z,0,118.2,165.38,0,0,19156.11,8454.7,0,0
2023-08-07 02:29Z,0,118.2,165.38,0,0,19156.11,8454.7,0,0
2023-08-07 02:30Z,773,118.2,165.38,-0.73,0,19156.11,8454.7,0,0
2023-08-07 02:31Z,0,118.2,165.38,0,0,19156.11,8454.7,0,0
2023-08-07 02:32Z,0,118.2,165.38,0,0,19156.11,8454.7,0,0
2023-08-07 02:33Z,0,118.2,165.38,0,0,19156.11,8454.7,0,0
2023-08-07 02:34Z,0,118.2,165.38,0,0,19156.11,8454.7,0,0
2023-08-07 02:35Z,0,117.84,165.38,0.36,0,19156.11,8454.7,0,0
2023-08-07 02:36Z,0,117.48,165.38,0.36,0,19156.11,8454.7,0,0
2023-08-07 02:37Z,0,117.11,165.38,0.37,0,19156.11,8454.7,0,0
2023-08-07 02:38Z,0,117.11,165.38,0,0,19156.11,8454.7,0,0
2023-08-07 02:39Z,0,117.11,165.38,0,0,19156.11,8454.7,0,0
2023-08-07 02:40Z,0,117.11,165.38,0,0,19156.11,8454.7,0,0
2023-08-07 02:41Z,0,117.11,165.38,0,0,19156.11,8454.7,0,0
2023-08-07 02:42Z,0,117.11,165.38,0,0,19156.11,8454.7,0,0
2023-08-07 02:43Z,0,117.11,165.38,0,0,19156.11,8454.7,0,0
2023-08-07 02:44Z,0,116.75,165.38,0.36,0,19156.11,8454.7,0,0
2023-08-07 02:45Z,759,116.75,165.38,-1.45,0,19156.11,8454.7,0,0
2023-08-07 02:46Z,0,116.75,165.38,0,0,19156.11,8454.7,0,0
2023-08-07 02:47Z,0,116.75,165.38,0,0,19156.11,8454.7,0,0
2023-08-07 02:48Z,0,116.75,165.38,0,0,19156.11,8454.7,0,0
2023-08-07 02:49Z,0,116.75,165.38,0,0,19156.11,8454.7,0,0
2023-08-07 02:50Z,0,116.75,165.38,0,0,19156.11,8454.7,0,0
2023-08-07 02:51Z,0,116.75,165.38,0,0,19156.11,8454.7,0,0
2023-08-07 02:52Z,0,116.75,165.38,0,0,19156.11,8454.7,0,0
2023-08-07 02:53Z,0,116.75,165.38,0,0,19156.11,8454.7,0,0
2023-08-07 02:54Z,0,116.39,165.38,0.36,0,19156.11,8454.7,0,0
2023-08-07 02:55Z,0,116.39,165.38,0,0,19156.11,8454.7,0,0
2023-08-07 02:56Z,0,116.39,165.38,0,0,19156.11,8454.7,0,0
2023-08-07 02:57Z,0,116.39,165.38,0,0,19156.11,8454.7,0,0
2023-08-07 02:58Z,0,116.39,165.38,0,0,19156.11,8454.7,0,0
2023-08-07 02:59Z,0,116.39,165.38,0,0,19156.11,8454.7,0,0
2023-08-07 03:00Z,759,116.02,165.38,-0.73,0,19156.11,8454.7,0,0
2023-08-07 03:01Z,0,116.02,165.38,0.37,0,19156.11,8454.7,0,0
2023-08-07 03:02Z,0,116.02,165.38,0,0,19156.11,8454.7,0,0
2023-08-07 03:03Z,0,116.02,165.38,0,0,19156.11,8454.7,0,0
2023-08-07 03:04Z,0,116.02,165.38,0,0,19156.11,8454.7,0,0
2023-08-07 03:05Z,0,116.02,165.38,0,0,19156.11,8454.7,0,0
2023-08-07 03:06Z,0,115.66,165.38,0.36,0,19156.11,8454.7,0,0
2023-08-07 03:07Z,0,115.66,165.38,0,0,19156.11,8454.7,0,0
2023-08-07 03:08Z,0,115.3,165.38,0.36,0,19156.11,8454.7,0,0
2023-08-07 03:09Z,0,115.3,165.38,0,0,19156.11,8454.7,0,0
2023-08-07 03:10Z,0,115.3,165.38,0,0,19156.11,8454.7,0,0
2023-08-07 03:11Z,0,115.3,165.38,0,0,19156.11,8454.7,0,0
2023-08-07 03:12Z,0,115.3,165.38,0,0,19156.11,8454.7,0,0
2023-08-07 03:13Z,0,115.3,165.38,0,0,19156.11,8454.7,0,0
2023-08-07 03:14Z,0,115.3,165.38,0,0,19156.11,8454.7,0,0
2023-08-07 03:15Z,784,114.94,165.38,-1.08,0,19156.11,8454.7,0,0
2023-08-07 03:16Z,0,114.94,165.38,0.36,0,19156.11,8454.7,0,0
2023-08-07 03:17Z,0,114.94,165.38,0,0,19156.11,8454.7,0,0
2023-08-07 03:18Z,0,114.94,165.38,0,0,19156.11,8454.7,0,0
2023-08-07 03:19Z,0,114.94,165.38,0,0,19156.11,8454.7,0,0
2023-08-07 03:20Z,0,114.57,165.38,0.37,0,19156.11,8454.7,0,0
2023-08-07 03:21Z,0,114.57,165.38,0,0,19156.11,8454.7,0,0
2023-08-07 03:22Z,0,114.21,165.38,0.36,0,19156.11,8454.7,0,0
2023-08-07 03:23Z,0,114.21,165.38,0,0,19156.11,8454.7,0,0
2023-08-07 03:24Z,0,114.21,165.38,0,0,19156.11,8454.7,0,0
2023-08-07 03:25Z,0,114.21,165.38,0,0,19156.11,8454.7,0,0
2023-08-07 03:26Z,0,114.21,165.38,0,0,19156.11,8454.7,0,0
2023-08-07 03:27Z,0,114.21,165.38,0,0,19156.11,8454.7,0,0
2023-08-07 03:28Z,0,114.21,165.38,0,0,19156.11,8454.7,0,0
2023-08-07 03:29Z,0,114.21,165.38,0,0,19156.11,8454.7,0,0
2023-08-07 03:30Z,760,113.85,165.38,-1.09,0,19156.11,8454.7,0,0
2023-08-07 03:31Z,0,113.48,165.38,0.73,0,19156.11,8454.7,0,0
2023-08-07 03:32Z,0,113.48,165.38,0,0,19156.11,8454.7,0,0
2023-08-07 03:33Z,0,113.48,165.38,0,0,19156.11,8454.7,0,0
2023-08-07 03:34Z,0,113.48,165.38,0,0,19156.11,8454.7,0,0
2023-08-07 03:35Z,0,113.48,165.38,0,0,19156.11,8454.7,0,0
2023-08-07 03:36Z,0,113.48,165.38,0,0,19156.11,8454.7,0,0
2023-08-07 03:37Z,0,113.48,165.38,0,0,19156.11,8454.7,0,0
2023-08-07 03:38Z,0,113.12,165.38,0.36,0,19156.11,8454.7,0,0
2023-08-07 03:39Z,0,113.12,165.38,0,0,19156.11,8454.7,0,0
2023-08-07 03:40Z,0,113.12,165.38,0,0,19156.11,8454.7,0,0
2023-08-07 03:41Z,0,112.76,165.38,0.36,0,19156.11,8454.7,0,0
2023-08-07 03:42Z,0,112.76,165.38,0,0,19156.11,8454.7,0,0
2023-08-07 03:43Z,0,112.76,165.38,0,0,19156.11,8454.7,0,0
2023-08-07 03:44Z,0,112.76,165.38,0,0,19156.11,8454.7,0,0
2023-08-07 03:45Z,734,112.76,165.38,-1.09,0,19156.11,8454.7,0,0
2023-08-07 03:46Z,0,112.76,165.38,0,0,19156.11,8454.7,0,0
2023-08-07 03:47Z,0,112.76,165.38,0,0,19156.11,8454.7,0,0
2023-08-07 03:48Z,0,112.76,165.38,0,0,19156.11,8454.7,0,0
2023-08-07 03:49Z,0,112.76,165.38,0,0,19156.11,8454.7,0,0
2023-08-07 03:50Z,0,112.76,165.38,0,0,19156.11,8454.7,0,0
2023-08-07 03:51Z,0,112.76,165.38,0,0,19156.11,8454.7,0,0
2023-08-07 03:52Z,0,112.76,165.38,0,0,19156.11,8454.7,0,0
2023-08-07 03:53Z,0,112.76,165.38,0,0,19156.11,8454.7,0,0
2023-08-07 03:54Z,0,112.4,165.38,0.36,0,19156.11,8454.7,0,0
2023-08-07 03:55Z,0,112.4,165.38,0,0,19156.11,8454.7,0,0
2023-08-07 03:56Z,0,112.03,165.38,0.37,0,19156.11,8454.7,0,0
2023-08-07 03:57Z,0,112.03,165.38,0,0,19156.11,8454.7,0,0
2023-08-07 03:58Z,0,112.03,165.38,0,0,19156.11,8454.7,0,0
2023-08-07 03:59Z,0,112.03,165.38,0,0,19156.11,8454.7,0,0
2023-08-07 04:00Z,763,112.03,165.38,-0.73,0,19156.11,8454.7,0,0
2023-08-07 04:01Z,0,111.67,165.38,0.36,0,19156.11,8454.7,0,0
2023-08-07 04:02Z,0,111.67,165.38,0,0,19156.11,8454.7,0,0
2023-08-07 04:03Z,0,111.67,165.38,0,0,19156.11,8454.7,0,0
2023-08-07 04:04Z,0,111.31,165.38,0.36,0,19156.11,8454.7,0,0
2023-08-07 04:05Z,0,111.31,165.38,0,0,19156.11,8454.7,0,0
2023-08-07 04:06Z,0,111.31,165.38,0,0,19156.11,8454.7,0,0
2023-08-07 04:07Z,0,111.31,165.38,0,0,19156.11,8454.7,0,0
2023-08-07 04:08Z,0,111.31,165.38,0,0,19156.11,8454.7,0,0
2023-08-07 04:09Z,0,111.31,165.38,0,0,19156.11,8454.7,0,0
2023-08-07 04:10Z,0,111.31,165.38,0,0,19156.11,8454.7,0,0
2023-08-07 04:11Z,0,111.31,165.38,0,0,19156.11,8454.7,0,0
2023-08-07 04:12Z,0,110.94,165.38,0.37,0,19156.11,8454.7,0,0
2023-08-07 04:13Z,0,110.58,165.38,0.36,0,19156.11,8454.7,0,0
2023-08-07 04:14Z,0,110.58,165.38,0,0,19156.11,8454.7,0,0
2023-08-07 04:15Z,773,110.58,165.38,-1.45,0,19156.11,8454.7,0,0
2023-08-07 04:16Z,0,110.58,165.38,0,0,19156.11,8454.7,0,0
2023-08-07 04:17Z,0,110.58,165.38,0,0,19156.11,8454.7,0,0
2023-08-07 04:18Z,0,110.58,165.38,0,0,19156.11,8454.7,0,0
2023-08-07 04:19Z,0,110.58,165.38,0,0,19156.11,8454.7,0,0
2023-08-07 04:20Z,0,110.58,165.38,0,0,19156.11,8454.7,0,0
2023-08-07 04:21Z,0,110.58,165.38,0,0,19156.11,8454.7,0,0
2023-08-07 04:22Z,0,110.22,165.38,0.36,0,19156.11,8454.7,0,0
2023-08-07 04:23Z,0,110.22,165.38,0,0,19156.11,8454.7,0,0
2023-08-07 04:24Z,0,109.85,165.38,0.37,0,19156.11,8454.7,0,0
2023-08-07 04:25Z,0,109.49,165.38,0.36,0,19156.11,8454.7,0,0
2023-08-07 04:26Z,0,109.49,165.38,0,0,19156.11,8454.7,0,0
2023-08-07 04:27Z,0,109.49,165.38,0,0,19156.11,8454.7,0,0
2023-08-07 04:28Z,0,109.49,165.38,0,0,19156.11,8454.7,0,0
2023-08-07 04:29Z,0,109.49,165.38,0,0,19156.11,8454.7,0,0
2023-08-07 04:30Z,782,109.49,165.38,-1.09,0,19156.11,8454.7,0,0
2023-08-07 04:31Z,0,109.49,165.38,0,0,19156.11,8454.7,0,0
2023-08-07 04:32Z,0,109.13,165.38,0.36,0,19156.11,8454.7,0,0
2023-08-07 04:33Z,0,109.13,165.38,0,0,19156.11,8454.7,0,0
2023-08-07 04:34Z,0,109.13,165.38,0,0,19156.11,8454.7,0,0
2023-08-07 04:35Z,0,109.13,165.38,0,0,19156.11,8454.7,0,0
2023-08-07 04:36Z,0,109.13,165.38,0,0,19156.11,8454.7,0,0
2023-08-07 04:37Z,0,109.13,165.38,0,0,19156.11,8454.7,0,0
2023-08-07 04:38Z,0,109.13,165.38,0,0,19156.11,8454.7,0,0
2023-08-07 04:39Z,0,109.13,165.38,0,0,19156.11,8454.7,0,0
2023-08-07 04:40Z,0,109.13,165.38,0,0,19156.11,8454.7,0,0
2023-08-07 04:41Z,0,109.13,165.38,0,0,19156.11,8454.7,0,0
2023-08-07 04:42Z,0,109.13,165.38,0,0,19156.11,8454.7,0,0
2023-08-07 04:43Z,0,109.13,165.38,0,0,19156.11,8454.7,0,0
2023-08-07 04:44Z,0,108.77,165.38,0.36,0,19156.11,8454.7,0,0
2023-08-07 04:45Z,802,108.77,165.38,-0.72,0,19156.11,8454.7,0,0
2023-08-07 04:46Z,0,108.4,165.38,0.37,0,19156.11,8454.7,0,0
2023-08-07 04:47Z,0,108.04,165.38,0.36,0,19156.11,8454.7,0,0
2023-08-07 04:48Z,0,108.04,165.38,0,0,19156.11,8454.7,0,0
2023-08-07 04:49Z,0,108.04,165.38,0,0,19156.11,8454.7,0,0
2023-08-07 04:50Z,0,108.04,165.38,0,0,19156.11,8454.7,0,0
2023-08-07 04:51Z,0,108.04,165.38,0,0,19156.11,8454.7,0,0
2023-08-07 04:52Z,0,108.04,165.38,0,0,19156.11,8454.7,0,0
2023-08-07 04:53Z,0,108.04,165.38,0,0,19156.11,8454.7,0,0
2023-08-07 04:54Z,0,108.04,165.38,0,0,19156.11,8454.7,0,0
2023-08-07 04:55Z,0,107.68,165.38,0.36,0,19156.11,8454.7,0,0
2023-08-07 04:56Z,0,107.68,165.38,0,0,19156.11,8454.7,0,0
2023-08-07 04:57Z,0,107.68,165.38,0,0,19156.11,8454.7,0,0
2023-08-07 04:58Z,0,107.68,165.38,0,0,19156.11,8454.7,0,0
2023-08-07 04:59Z,0,107.68,165.38,0,0,19156.11,8454.7,0,0
2023-08-07 05:00Z,797,107.68,165.38,-1.09,0,19156.11,8454.7,0,0
2023-08-07 05:01Z,0,107.68,165.38,0,0,19156.11,8454.7,0,0
2023-08-07 05:02Z,0,107.68,165.38,0,0,19156.11,8454.7,0,0
2023-08-07 05:03Z,0,107.68,165.38,0,0,19156.11,8454.7,0,0
2023-08-07 05:04Z,0,107.68,165.38,0,0,19156.11,8454.7,0,0
2023-08-07 05:05Z,0,107.68,165.38,0,0,19156.11,8454.7,0,0
2023-08-07 05:06Z,0,107.68,165.38,0,0,19156.11,8454.7,0,0
2023-08-07 05:07Z,0,107.31,165.38,0.37,0,19156.11,8454.7,0,0
2023-08-07 05:08Z,0,106.95,165.38,0.36,0,19156.11,8454.7,0,0
2023-08-07 05:09Z,0,106.59,165.38,0.36,0,19156.11,8454.7,0,0
2023-08-07 05:10Z,0,106.23,165.38,0.36,0,19156.11,8454.7,0,0
2023-08-07 05:11Z,0,106.23,165.38,0,0,19156.11,8454.7,0,0
2023-08-07 05:12Z,0,106.23,165.38,0,0,19156.11,8454.7,0,0
2023-08-07 05:13Z,0,106.23,165.38,0,0,19156.11,8454.7,0,0
2023-08-07 05:14Z,0,106.23,165.38,0,0,19156.11,8454.7,0,0
2023-08-07 05:15Z,787,106.23,165.38,-1.45,0,19156.11,8454.7,0,0
2023-08-07 05:16Z,0,106.23,165.38,0,0,19156.11,8454.7,0,0
2023-08-07 05:17Z,0,106.23,165.38,0,0,19156.11,8454.7,0,0
2023-08-07 05:18Z,0,106.23,165.38,0,0,19156.11,8454.7,0,0
2023-08-07 05:19Z,0,106.23,165.38,0,0,19156.11,8454.7,0,0
2023-08-07 05:20Z,0,106.23,165.38,0,0,19156.11,8454.7,0,0
2023-08-07 05:21Z,0,106.23,165.38,0,0,19156.11,8454.7,0,0
2023-08-07 05:22Z,0,105.86,165.38,0.37,0,19156.11,8454.7,0,0
2023-08-07 05:23Z,0,105.86,165.38,0,0,19156.11,8454.7,0,0
2023-08-07 05:24Z,0,105.86,165.38,0,0,19156.11,8454.7,0,0
2023-08-07 05:25Z,0,105.5,165.38,0.36,0,19156.11,8454.7,0,0
2023-08-07 05:26Z,0,105.5,165.38,0,0,19156.11,8454.7,0,0
2023-08-07 05:27Z,0,105.14,165.38,0.36,0,19156.11,8454.7,0,0
2023-08-07 05:28Z,0,105.14,165.38,0,0,19156.11,8454.7,0,0
2023-08-07 05:29Z,0,105.14,165.38,0,0,19156.11,8454.7,0,0
2023-08-07 05:30Z,764,105.14,165.38,-1.09,0,19156.11,8454.7,0,0
2023-08-07 05:31Z,0,105.14,165.38,0,0,19156.11,8454.7,0,0
2023-08-07 05:32Z,0,105.14,165.38,0,0,19156.11,8454.7,0,0
2023-08-07 05:33Z,0,105.14,165.38,0,0,19156.11,8454.7,0,0
2023-08-07 05:34Z,0,105.14,165.38,0,0,19156.11,8454.7,0,0
2023-08-07 05:35Z,0,105.14,165.38,0,0,19156.11,8454.7,0,0
2023-08-07 05:36Z,0,104.77,165.38,0.37,0,19156.11,8454.7,0,0
2023-08-07 05:37Z,0,104.77,165.38,0,0,19156.11,8454.7,0,0
2023-08-07 05:38Z,0,104.41,165.38,0.36,0,19156.11,8454.7,0,0
2023-08-07 05:39Z,0,104.41,165.38,0,0,19156.11,8454.7,0,0
2023-08-07 05:40Z,0,104.41,165.38,0,0,19156.11,8454.7,0,0
2023-08-07 05:41Z,0,104.41,165.38,0,0,19156.11,8454.7,0,0
2023-08-07 05:42Z,0,104.41,165.38,0,0,19156.11,8454.7,0,0
2023-08-07 05:43Z,0,104.41,165.38,0,0,19156.11,8454.7,0,0
2023-08-07 05:44Z,0,103.69,165.38,0.72,0,19156.11,8454.7,0,0
2023-08-07 05:45Z,812,103.69,165.38,-1.45,0,19156.11,8454.7,0,0
2023-08-07 05:46Z,0,103.32,165.38,0.37,0,19156.11,8454.7,0,0
2023-08-07 05:47Z,0,103.32,165.38,0,0,19156.11,8454.7,0,0
2023-08-07 05:48Z,0,103.32,165.38,0,0,19156.11,8454.7,0,0
2023-08-07 05:49Z,0,103.32,165.38,0,0,19156.11,8454.7,0,0
2023-08-07 05:50Z,0,103.32,165.38,0,0,19156.11,8454.7,0,0
2023-08-07 05:51Z,0,103.32,165.38,0,0,19156.11,8454.7,0,0
2023-08-07 05:52Z,0,102.96,165.38,0.36,0,19156.11,8454.7,0,0
2023-08-07 05:53Z,0,102.96,165.38,0,0,19156.11,8454.7,0,0
2023-08-07 05:54Z,0,102.96,165.38,0,0,19156.11,8454.7,0,0
2023-08-07 05:55Z,0,102.96,165.38,0,0,19156.11,8454.7,0,0
2023-08-07 05:56Z,0,102.96,165.38,0,0,19156.11,8454.7,0,0
2023-08-07 05:57Z,0,102.96,165.38,0,0,19156.11,8454.7,0,0
2023-08-07 05:58Z,0,102.96,165.38,0,0,19156.11,8454.7,0,0
2023-08-07 05:59Z,0,102.96,165.38,0,0,19156.11,8454.7,0,0
2023-08-07 06:00Z,789,102.96,165.38,-0.73,0,19156.11,8454.7,0,0
2023-08-07 06:01Z,0,102.96,165.38,0,0,19156.11,8454.7,0,0
2023-08-07 06:02Z,0,102.96,165.38,0,0,19156.11,8454.7,0,0
2023-08-07 06:03Z,0,102.6,165.38,0.36,0,19156.11,8454.7,0,0
2023-08-07 06:04Z,0,102.6,165.38,0,0,19156.11,8454.7,0,0
2023-08-07 06:05Z,0,102.6,165.38,0,0,19156.11,8454.7,0,0
2023-08-07 06:06Z,0,102.6,165.38,0,0,19156.11,8454.7,0,0
2023-08-07 06:07Z,0,102.6,165.38,0,0,19156.11,8454.7,0,0
2023-08-07 06:08Z,0,102.6,165.38,0,0,19156.11,8454.7,0,0
2023-08-07 06:09Z,0,102.23,165.38,0.37,0,19156.11,8454.7,0,0
2023-08-07 06:10Z,0,101.87,165.38,0.36,0,19156.11,8454.7,0,0
2023-08-07 06:11Z,0,101.87,165.38,0,0,19156.11,8454.7,0,0
2023-08-07 06:12Z,0,101.87,165.38,0,0,19156.11,8454.7,0,0
2023-08-07 06:13Z,0,101.87,165.38,0,0,19156.11,8454.7,0,0
2023-08-07 06:14Z,0,101.87,165.38,0,0,19156.11,8454.7,0,0
2023-08-07 06:15Z,1205,101.87,165.38,-1.09,0,19156.11,8454.7,0,0
2023-08-07 06:16Z,0,101.87,165.38,0,0,19156.11,8454.7,0,0
2023-08-07 06:17Z,0,101.87,165.38,0,0,19156.11,8454.7,0,0
2023-08-07 06:18Z,0,101.87,165.38,0,0,19156.11,8454.7,0,0
2023-08-07 06:19Z,0,101.87,165.38,0,0,19156.11,8454.7,0,0
2023-08-07 06:20Z,0,101.87,165.38,0,0,19156.11,8454.7,0,0
2023-08-07 06:21Z,0,101.51,165.38,0.36,0,19156.11,8454.7,0,0
2023-08-07 06:22Z,0,101.51,165.38,0,0,19156.11,8454.7,0,0
2023-08-07 06:23Z,0,101.51,165.38,0,0,19156.11,8454.7,0,0
2023-08-07 06:24Z,0,101.15,165.38,0.36,0,19156.11,8454.7,0,0
2023-08-07 06:25Z,0,101.15,165.38,0,0,19156.11,8454.7,0,0
2023-08-07 06:26Z,0,101.15,165.38,0,0,19156.11,8454.7,0,0
2023-08-07 06:27Z,0,100.78,165.38,0.37,0,19156.11,8454.7,0,0
2023-08-07 06:28Z,0,100.78,165.38,0,0,19156.11,8454.7,0,0
2023-08-07 06:29Z,0,100.78,165.38,0,0,19156.11,8454.7,0,0
2023-08-07 06:30Z,1284,100.42,165.38,-1.45,0,19156.11,8454.7,0,0
2023-08-07 06:31Z,0,100.42,165.38,0.36,0,19156.11,8454.7,0,0
2023-08-07 06:32Z,0,100.42,165.38,0,0,19156.11,8454.7,0,0
2023-08-07 06:33Z,0,100.42,165.38,0,0,19156.11,8454.7,0,0
2023-08-07 06:34Z,0,100.42,165.38,0,0,19156.11,8454.7,0,0
2023-08-07 06:35Z,0,100.42,165.38,0,0,19156.11,8454.7,0,0
2023-08-07 06:36Z,0,100.42,165.38,0,0,19156.11,8454.7,0,0
2023-08-07 06:37Z,0,100.42,165.38,0,0,19156.11,8454.7,0,0
2023-08-07 06:38Z,0,100.06,165.38,0.36,0,19156.11,8454.7,0,0
2023-08-07 06:39Z,0,100.06,165.38,0,0,19156.11,8454.7,0,0
2023-08-07 06:40Z,0,99.69,165.38,0.37,0,19156.11,8454.7,0,0
2023-08-07 06:41Z,0,99.33,165.38,0.36,0,19156.11,8454.7,0,0
2023-08-07 06:42Z,0,99.33,165.38,0,0,19156.11,8454.7,0,0
2023-08-07 06:43Z,0,99.33,165.38,0,0,19156.11,8454.7,0,0
2023-08-07 06:44Z,0,99.33,165.38,0,0,19156.11,8454.7,0,0
2023-08-07 06:45Z,1191,99.33,165.38,-1.09,0,19156.11,8454.7,0,0
2023-08-07 06:46Z,0,99.33,165.38,0,0,19156.11,8454.7,0,0
2023-08-07 06:47Z,0,98.97,165.38,0.36,0,19156.11,8454.7,0,0
2023-08-07 06:48Z,0,98.97,165.38,0,0,19156.11,8454.7,0,0
2023-08-07 06:49Z,0,98.97,165.38,0,0,19156.11,8454.7,0,0
2023-08-07 06:50Z,0,98.97,165.38,0,0,19156.11,8454.7,0,0
2023-08-07 06:51Z,0,98.97,165.38,0,0,19156.11,8454.7,0,0
2023-08-07 06:52Z,0,98.97,165.38,0,0,19156.11,8454.7,0,0
2023-08-07 06:53Z,0,98.97,165.38,0,0,19156.11,8454.7,0,0
2023-08-07 06:54Z,0,98.97,165.38,0,0,19156.11,8454.7,0,0
2023-08-07 06:55Z,0,98.97,165.38,0,0,19156.11,8454.7,0,0
2023-08-07 06:56Z,0,98.97,165.38,0,0,19156.11,8454.7,0,0
2023-08-07 06:57Z,0,98.6,165.38,0.37,0,19156.11,8454.7,0,0
2023-08-07 06:58Z,0,98.6,165.38,0,0,19156.11,8454.7,0,0
2023-08-07 06:59Z,0,98.24,165.38,0.36,0,19156.11,8454.7,0,0
2023-08-07 07:00Z,1635,98.24,165.38,-1.09,0,19156.11,8454.7,0,0
2023-08-07 07:01Z,0,98.24,165.38,0,0,19156.11,8454.7,0,0
2023-08-07 07:02Z,0,97.88,165.38,0.36,0,19156.11,8454.7,0,0
2023-08-07 07:03Z,0,97.88,165.38,0,0,19156.11,8454.7,0,0
2023-08-07 07:04Z,0,97.88,165.38,0,0,19156.11,8454.7,0,0
2023-08-07 07:05Z,0,97.88,165.38,0,0,19156.11,8454.7,0,0
2023-08-07 07:06Z,0,97.88,165.38,0,0,19156.11,8454.7,0,0
2023-08-07 07:07Z,0,97.52,165.38,0.36,0,19156.11,8454.7,0,0
2023-08-07 07:08Z,0,97.15,165.38,0.37,0,19156.11,8454.7,0,0
2023-08-07 07:09Z,0,97.15,165.38,0,0,19156.11,8454.7,0,0
2023-08-07 07:10Z,0,97.15,165.38,0,0,19156.11,8454.7,0,0
2023-08-07 07:11Z,0,97.15,165.38,0,0,19156.11,8454.7,0,0
2023-08-07 07:12Z,0,97.15,165.38,0,0,19156.11,8454.7,0,0
2023-08-07 07:13Z,0,97.15,165.38,0,0,19156.11,8454.7,0,0
2023-08-07 07:14Z,0,97.15,165.38,0,0,19156.11,8454.7,0,0
2023-08-07 07:15Z,2052,97.15,165.38,-1.09,0,19156.11,8454.7,0,0
2023-08-07 07:16Z,0,109.13,165.38,-11.98,0,19156.11,8454.7,0,0
2023-08-07 07:17Z,0,121.1,165.38,-11.97,0,19156.11,8454.7,0,0
2023-08-07 07:18Z,0,137.44,165.38,-16.34,0,19156.11,8454.7,0,0
2023-08-07 07:19Z,0,154.85,165.38,-17.41,0,19156.11,8454.7,0,0
2023-08-07 07:20Z,0,170.1,165.38,-15.25,0,19156.11,8454.7,0,0
2023-08-07 07:21Z,0,180.62,165.38,-10.52,0,19156.11,8454.7,0,0
2023-08-07 07:22Z,0,186.43,165.38,-5.81,0,19156.11,8454.7,0,0
2023-08-07 07:23Z,0,188.6,165.38,-2.17,0,19156.11,8454.7,0,0
2023-08-07 07:24Z,0,187.52,165.38,1.08,0,19156.11,8454.7,0,0
2023-08-07 07:25Z,0,187.52,165.38,0,0,19156.11,8454.7,0,0
2023-08-07 07:26Z,0,187.52,165.38,0,0,19156.11,8454.7,0,0
2023-08-07 07:27Z,0,187.15,165.38,0.37,0,19156.11,8454.7,0,0
2023-08-07 07:28Z,0,186.43,165.38,0.72,0,19156.11,8454.7,0,0
2023-08-07 07:29Z,0,186.43,165.38,0,0,19156.11,8454.7,0,0
2023-08-07 07:30Z,2414,186.43,165.38,89.28,0,19156.11,8454.7,0,0
2023-08-07 07:31Z,0,186.06,165.38,0.37,0,19156.11,8454.7,0,0
2023-08-07 07:32Z,0,186.06,165.38,0,0,19156.11,8454.7,0,0
2023-08-07 07:33Z,0,185.7,165.38,0.36,0,19156.11,8454.7,0,0
2023-08-07 07:34Z,0,185.34,165.38,0.36,0,19156.11,8454.7,0,0
2023-08-07 07:35Z,0,185.34,165.38,0,0,19156.11,8454.7,0,0
2023-08-07 07:36Z,0,185.34,165.38,0,0,19156.11,8454.7,0,0
2023-08-07 07:37Z,0,185.34,165.38,0,0,19156.11,8454.7,0,0
2023-08-07 07:38Z,0,185.34,165.38,0,0,19156.11,8454.7,0,0
2023-08-07 07:39Z,0,185.34,165.38,0,0,19156.11,8454.7,0,0
2023-08-07 07:40Z,0,185.34,165.38,0,0,19156.11,8454.7,0,0
2023-08-07 07:41Z,0,185.34,165.38,0,0,19156.11,8454.7,0,0
2023-08-07 07:42Z,0,185.34,165.38,0,0,19156.11,8454.7,0,0
2023-08-07 07:43Z,0,185.34,165.38,0,0,19156.11,8454.7,0,0
2023-08-07 07:44Z,0,184.98,165.38,0.36,0,19156.11,8454.7,0,0
2023-08-07 07:45Z,4041,184.25,165.38,-2.18,0,19156.11,8454.7,0,0
2023-08-07 07:46Z,0,183.52,165.38,1.46,0,19156.11,8454.7,0,0
2023-08-07 07:47Z,0,183.52,165.38,0,0,19156.11,8454.7,0,0
2023-08-07 07:48Z,0,183.52,165.38,0,0,19156.11,8454.7,0,0
2023-08-07 07:49Z,0,183.52,165.38,0,0,19156.11,8454.7,0,0
2023-08-07 07:50Z,0,183.52,165.38,0,0,19156.11,8454.7,0,0
2023-08-07 07:51Z,0,183.52,165.38,0,0,19156.11,8454.7,0,0
2023-08-07 07:52Z,0,183.52,165.38,0,0,19156.11,8454.7,0,0
2023-08-07 07:53Z,0,186.43,165.38,-2.91,0,19156.11,8454.7,0,0
2023-08-07 07:54Z,0,185.7,165.38,0.73,0,19156.11,8454.7,0,0
2023-08-07 07:55Z,0,185.07,165.38,0.63,0,19156.11,8454.7,0,0
2023-08-07 07:56Z,0,184.43,165.38,0.64,0,19156.11,8454.7,0,0
2023-08-07 07:57Z,0,183.8,165.38,0.63,0,19156.11,8454.7,0,0
2023-08-07 07:58Z,0,183.52,165.38,0.28,0,19156.11,8454.7,0,0
2023-08-07 07:59Z,0,183.52,165.38,0,0,19156.11,8454.7,0,0
2023-08-07 08:00Z,5275,183.52,165.38,-0.73,0,19156.11,8454.7,0,0
2023-08-07 08:01Z,0,183.52,165.38,0,0,19156.11,8454.7,0,0
2023-08-07 08:02Z,0,183.52,165.38,0,0,19156.11,8454.7,0,0
2023-08-07 08:03Z,0,183.52,165.38,0,0,19156.11,8454.7,0,0
2023-08-07 08:04Z,0,183.16,165.38,0.36,0,19156.11,8454.7,0,0
2023-08-07 08:05Z,0,182.8,165.38,0.36,0,19156.11,8454.7,0,0
2023-08-07 08:06Z,0,182.8,165.38,0,0,19156.11,8454.7,0,0
2023-08-07 08:07Z,0,182.8,165.38,0,0,19156.11,8454.7,0,0
2023-08-07 08:08Z,0,182.8,165.38,0,0,19156.11,8454.7,0,0
2023-08-07 08:09Z,0,182.8,165.38,0,0,19156.11,8454.7,0,0
2023-08-07 08:10Z,0,182.8,165.38,0,0,19156.11,8454.7,0,0
2023-08-07 08:11Z,0,182.07,165.38,0.73,0,19156.11,8454.7,0,0
2023-08-07 08:12Z,0,182.07,165.38,0,0,19156.11,8454.7,0,0
2023-08-07 08:13Z,0,182.07,165.38,0,0,19156.11,8454.7,0,0
2023-08-07 08:14Z,0,182.07,165.38,0,0,19156.11,8454.7,0,0
2023-08-07 08:15Z,4944,182.07,165.38,-1.45,0,19156.11,8454.7,0,0
2023-08-07 08:16Z,0,182.07,165.38,0,0,19156.11,8454.7,0,0
2023-08-07 08:17Z,0,182.07,165.38,0,0,19156.11,8454.7,0,0
2023-08-07 08:18Z,0,182.07,165.38,0,0,19156.11,8454.7,0,0
2023-08-07 08:19Z,0,182.07,165.38,0,0,19156.11,8454.7,0,0
2023-08-07 08:20Z,0,182.07,165.38,0,0,19156.11,8454.7,0,0
2023-08-07 08:21Z,0,182.07,165.38,0,0,19156.11,8454.7,0,0
2023-08-07 08:22Z,0,182.07,165.38,0,0,19156.11,8454.7,0,0
2023-08-07 08:23Z,0,181.71,165.38,0.36,0,19156.11,8454.7,0,0
2023-08-07 08:24Z,0,181.71,165.38,0,0,19156.11,8454.7,0,0
2023-08-07 08:25Z,0,181.71,165.38,0,0,19156.11,8454.7,0,0
2023-08-07 08:26Z,0,181.71,165.38,0,0,19156.11,8454.7,0,0
2023-08-07 08:27Z,0,181.71,165.38,0,0,19156.11,8454.7,0,0
2023-08-07 08:28Z,0,181.71,165.38,0,0,19156.11,8454.7,0,0
2023-08-07 08:29Z,0,181.71,165.38,0,0,19156.11,8454.7,0,0
2023-08-07 08:30Z,4786,180.98,165.38,-1.09,0,19156.11,8454.7,0,0
2023-08-07 08:31Z,0,180.98,165.38,0.73,0,19156.11,8454.7,0,0
2023-08-07 08:32Z,0,180.98,165.38,0,0,19156.11,8454.7,0,0
2023-08-07 08:33Z,0,180.98,165.38,0,0,19156.11,8454.7,0,0
2023-08-07 08:34Z,0,180.98,165.38,0,0,19156.11,8454.7,0,0
2023-08-07 08:35Z,0,180.98,165.38,0,0,19156.11,8454.7,0,0
2023-08-07 08:36Z,0,180.98,165.38,0,0,19156.11,8454.7,0,0
2023-08-07 08:37Z,0,180.98,165.38,0,0,19156.11,8454.7,0,0
2023-08-07 08:38Z,0,180.98,165.38,0,0,19156.11,8454.7,0,0
2023-08-07 08:39Z,0,180.98,165.38,0,0,19156.11,8454.7,0,0
2023-08-07 08:40Z,0,179.9,165.38,1.08,0,19156.11,8454.7,0,0
2023-08-07 08:41Z,0,179.9,165.38,0,0,19156.11,8454.7,0,0
2023-08-07 08:42Z,0,179.9,165.38,0,0,19156.11,8454.7,0,0
2023-08-07 08:43Z,0,179.9,165.38,0,0,19156.11,8454.7,0,0
2023-08-07 08:44Z,0,179.9,165.38,0,0,19156.11,8454.7,0,0
2023-08-07 08:45Z,4881,179.9,165.38,-1.08,0,19156.11,8454.7,0,0
2023-08-07 08:46Z,0,179.9,165.38,0,0,19156.11,8454.7,0,0
2023-08-07 08:47Z,0,179.9,165.38,0,0,19156.11,8454.7,0,0
2023-08-07 08:48Z,0,179.9,165.38,0,0,19156.11,8454.7,0,0
2023-08-07 08:49Z,0,179.9,165.38,0,0,19156.11,8454.7,0,0
2023-08-07 08:50Z,0,179.17,165.38,0.73,0,19156.11,8454.7,0,0
2023-08-07 08:51Z,0,178.44,165.38,0.73,0,19156.11,8454.7,0,0
2023-08-07 08:52Z,0,178.08,165.38,0.36,0,19156.11,8454.7,0,0
2023-08-07 08:53Z,0,178.08,165.38,0,0,19156.11,8454.7,0,0
2023-08-07 08:54Z,0,177.72,165.38,0.36,0,19156.11,8454.7,0,0
2023-08-07 08:55Z,0,177.72,165.38,0,0,19156.11,8454.7,0,0
2023-08-07 08:56Z,0,177.72,165.38,0,0,19156.11,8454.7,0,0
2023-08-07 08:57Z,0,177.72,165.38,0,0,19156.11,8454.7,0,0
2023-08-07 08:58Z,0,177.72,165.38,0,0,19156.11,8454.7,0,0
2023-08-07 08:59Z,0,177.72,165.38,0,0,19156.11,8454.7,0,0
2023-08-07 09:00Z,4329,177.72,165.38,-2.18,0,19156.11,8454.7,0,0
2023-08-07 09:01Z,0,177.72,165.38,0,0,19156.11,8454.7,0,0
2023-08-07 09:02Z,0,176.99,165.38,0.73,0,19156.11,8454.7,0,0
2023-08-07 09:03Z,0,176.63,165.38,0.36,0,19156.11,8454.7,0,0
2023-08-07 09:04Z,0,176.63,165.38,0,0,19156.11,8454.7,0,0
2023-08-07 09:05Z,0,176.63,165.38,0,0,19156.11,8454.7,0,0
2023-08-07 09:06Z,0,176.63,165.38,0,0,19156.11,8454.7,0,0
2023-08-07 09:07Z,0,176.27,165.38,0.36,0,19156.11,8454.7,0,0
2023-08-07 09:08Z,0,176.27,165.38,0,0,19156.11,8454.7,0,0
2023-08-07 09:09Z,0,176.27,165.38,0,0,19156.11,8454.7,0,0
2023-08-07 09:10Z,0,176.27,165.38,0,0,19156.11,8454.7,0,0
2023-08-07 09:11Z,0,176.27,165.38,0,0,19156.11,8454.7,0,0
2023-08-07 09:12Z,0,176.27,165.38,0,0,19156.11,8454.7,0,0
2023-08-07 09:13Z,0,176.27,165.38,0,0,19156.11,8454.7,0,0
2023-08-07 09:14Z,0,175.9,165.38,0.37,0,19156.11,8454.7,0,0
2023-08-07 09:15Z,4227,175.18,165.38,-2.54,0,19156.11,8454.7,0,0
2023-08-07 09:16Z,0,175.18,165.38,0.72,0,19156.11,8454.7,0,0
2023-08-07 09:17Z,0,175.18,165.38,0,0,19156.11,8454.7,0,0
2023-08-07 09:18Z,0,175.18,165.38,0,0,19156.11,8454.7,0,0
2023-08-07 09:19Z,0,174.81,165.38,0.37,0,19156.11,8454.7,0,0
2023-08-07 09:20Z,0,174.81,165.38,0,0,19156.11,8454.7,0,0
2023-08-07 09:21Z,0,174.45,165.38,0.36,0,19156.11,8454.7,0,0
2023-08-07 09:22Z,0,174.45,165.38,0,0,19156.11,8454.7,0,0
2023-08-07 09:23Z,0,174.45,165.38,0,0,19156.11,8454.7,0,0
2023-08-07 09:24Z,0,174.45,165.38,0,0,19156.11,8454.7,0,0
2023-08-07 09:25Z,0,174.45,165.38,0,0,19156.11,8454.7,0,0
2023-08-07 09:26Z,0,174.45,165.38,0,0,19156.11,8454.7,0,0
2023-08-07 09:27Z,0,173.73,165.38,0.72,0,19156.11,8454.7,0,0
2023-08-07 09:28Z,0,173.36,165.38,0.37,0,19156.11,8454.7,0,0
2023-08-07 09:29Z,0,173.36,165.38,0,0,19156.11,8454.7,0,0
2023-08-07 09:30Z,3886,173.36,165.38,-1.82,0,19156.11,8454.7,0,0
2023-08-07 09:31Z,0,173.36,165.38,0,0,19156.11,8454.7,0,0
2023-08-07 09:32Z,0,173.36,165.38,0,0,19156.11,8454.7,0,0
2023-08-07 09:33Z,0,173.36,165.38,0,0,19156.11,8454.7,0,0
2023-08-07 09:34Z,0,173.36,165.38,0,0,19156.11,8454.7,0,0
2023-08-07 09:35Z,0,173.36,165.38,0,0,19156.11,8454.7,0,0
2023-08-07 09:36Z,0,173,165.38,0.36,0,19156.11,8454.7,0,0
2023-08-07 09:37Z,0,172.27,165.38,0.73,0,19156.11,8454.7,0,0
2023-08-07 09:38Z,0,172.27,165.38,0,0,19156.11,8454.7,0,0
2023-08-07 09:39Z,0,172.27,165.38,0,0,19156.11,8454.7,0,0
2023-08-07 09:40Z,0,172.27,165.38,0,0,19156.11,8454.7,0,0
2023-08-07 09:41Z,0,172.27,165.38,0,0,19156.11,8454.7,0,0
2023-08-07 09:42Z,0,172.27,165.38,0,0,19156.11,8454.7,0,0
2023-08-07 09:43Z,0,172.27,165.38,0,0,19156.11,8454.7,0,0
2023-08-07 09:44Z,0,171.91,165.38,0.36,0,19156.11,8454.7,0,0
2023-08-07 09:45Z,4085,171.91,165.38,-1.45,0,19156.11,8454.7,0,0
2023-08-07 09:46Z,0,171.91,165.38,0,0,19156.11,8454.7,0,0
2023-08-07 09:47Z,0,171.91,165.38,0,0,19156.11,8454.7,0,0
2023-08-07 09:48Z,0,171.91,165.38,0,0,19156.11,8454.7,0,0
2023-08-07 09:49Z,0,171.55,165.38,0.36,0,19156.11,8454.7,0,0
2023-08-07 09:50Z,0,171.19,165.38,0.36,0,19156.11,8454.7,0,0
2023-08-07 09:51Z,0,170.82,165.38,0.37,0,19156.11,8454.7,0,0
2023-08-07 09:52Z,0,170.46,165.38,0.36,0,19156.11,8454.7,0,0
2023-08-07 09:53Z,0,170.46,165.38,0,0,19156.11,8454.7,0,0
2023-08-07 09:54Z,0,169.73,165.38,0.73,0,19156.11,8454.7,0,0
2023-08-07 09:55Z,0,169.73,165.38,0,0,19156.11,8454.7,0,0
2023-08-07 09:56Z,0,169.73,165.38,0,0,19156.11,8454.7,0,0
2023-08-07 09:57Z,0,169.73,165.38,0,0,19156.11,8454.7,0,0
2023-08-07 09:58Z,0,169.73,165.38,0,0,19156.11,8454.7,0,0
2023-08-07 09:59Z,0,169.37,165.38,0.36,0,19156.11,8454.7,0,0
2023-08-07 10:00Z,3971,169.01,165.38,-2.9,0,19156.11,8454.7,0,0
2023-08-07 10:01Z,0,169.01,165.38,0.36,0,19156.11,8454.7,0,0
2023-08-07 10:02Z,0,169.01,165.38,0,0,19156.11,8454.7,0,0
2023-08-07 10:03Z,0,169.01,165.38,0,0,19156.11,8454.7,0,0
2023-08-07 10:04Z,0,169.01,165.38,0,0,19156.11,8454.7,0,0
2023-08-07 10:05Z,0,169.01,165.38,0,0,19156.11,8454.7,0,0
2023-08-07 10:06Z,0,169.01,165.38,0,0,19156.11,8454.7,0,0
2023-08-07 10:07Z,0,168.65,165.38,0.36,0,19156.11,8454.7,0,0
2023-08-07 10:08Z,0,168.28,165.38,0.37,0,19156.11,8454.7,0,0
2023-08-07 10:09Z,0,167.92,165.38,0.36,0,19156.11,8454.7,0,0
2023-08-07 10:10Z,0,167.56,165.38,0.36,0,19156.11,8454.7,0,0
2023-08-07 10:11Z,0,167.56,165.38,0,0,19156.11,8454.7,0,0
2023-08-07 10:12Z,0,167.56,165.38,0,0,19156.11,8454.7,0,0
2023-08-07 10:13Z,0,167.56,165.38,0,0,19156.11,8454.7,0,0
2023-08-07 10:14Z,0,167.56,165.38,0,0,19156.11,8454.7,0,0
2023-08-07 10:15Z,3723,167.56,165.38,-1.45,0,19156.11,8454.7,0,0
2023-08-07 10:16Z,0,167.56,165.38,0,0,19156.11,8454.7,0,0
2023-08-07 10:17Z,0,166.83,165.38,0.73,0,19156.11,8454.7,0,0
2023-08-07 10:18Z,0,166.47,165.38,0.36,0,19156.11,8454.7,0,0
2023-08-07 10:19Z,0,166.1,165.38,0.37,0,19156.11,8454.7,0,0
2023-08-07 10:20Z,0,166.1,165.38,0,0,19156.11,8454.7,0,0
2023-08-07 10:21Z,0,166.1,165.38,0,0,19156.11,8454.7,0,0
2023-08-07 10:22Z,0,166.1,165.38,0,0,19156.11,8454.7,0,0
2023-08-07 10:23Z,0,166.1,165.38,0,0,19156.11,8454.7,0,0
2023-08-07 10:24Z,0,166.1,165.38,0,0,19156.11,8454.7,0,0
2023-08-07 10:25Z,0,166.1,165.38,0,0,19156.11,8454.7,0,0
2023-08-07 10:26Z,0,166.1,165.38,0,0,19156.11,8454.7,0,0
2023-08-07 10:27Z,0,166.1,165.38,0,0,19156.11,8454.7,0,0
2023-08-07 10:28Z,0,166.1,165.38,0,0,19156.11,8454.7,0,0
2023-08-07 10:29Z,0,166.1,165.38,0,0,19156.11,8454.7,0,0
2023-08-07 10:30Z,3389,165.74,165.38,-1.82,0,19156.11,8454.7,0,0
2023-08-07 10:31Z,0,165.38,165.38,0.72,0,19156.11,8454.7,0,0
2023-08-07 10:32Z,0,165.38,165.38,0,0,19156.11,8454.7,0,0
2023-08-07 10:33Z,0,165.38,165.38,0,0,19156.11,8454.7,0,0
2023-08-07 10:34Z,0,165.02,165.38,0.36,0,19156.11,8454.7,0,0
2023-08-07 10:35Z,0,165.02,165.38,0,0,19156.11,8454.7,0,0
2023-08-07 10:36Z,0,165.02,165.38,0,0,19156.11,8454.7,0,0
2023-08-07 10:37Z,0,165.02,165.38,0,0,19156.11,8454.7,0,0
2023-08-07 10:38Z,0,165.02,165.38,0,0,19156.11,8454.7,0,0
2023-08-07 10:39Z,0,165.02,165.38,0,0,19156.11,8454.7,0,0
2023-08-07 10:40Z,0,165.02,165.38,0,0,19156.11,8454.7,0,0
2023-08-07 10:41Z,0,165.02,165.38,0,0,19156.11,8454.7,0,0
2023-08-07 10:42Z,0,165.02,165.38,0,0,19156.11,8454.7,0,0
2023-08-07 10:43Z,0,165.02,165.38,0,0,19156.11,8454.7,0,0
2023-08-07 10:44Z,0,165.02,165.38,0,0,19156.11,8454.7,0,0
2023-08-07 10:45Z,3194,164.29,165.38,-1.45,0,19156.11,8454.7,0,0
2023-08-07 10:46Z,0,164.29,165.38,0.73,0,19156.11,8454.7,0,0
2023-08-07 10:47Z,0,163.56,165.38,0.73,0,19156.11,8454.7,0,0
2023-08-07 10:48Z,0,163.56,165.38,0,0,19156.11,8454.7,0,0
2023-08-07 10:49Z,0,163.56,165.38,0,0,19156.11,8454.7,0,0
2023-08-07 10:50Z,0,163.56,165.38,0,0,19156.11,8454.7,0,0
2023-08-07 10:51Z,0,163.56,165.38,0,0,19156.11,8454.7,0,0
2023-08-07 10:51Z,0,163.56,165.38,0,0,19156.11,8454.7,0,0
2023-08-07 10:52Z,0,163.56,165.38,0,0,19156.11,8454.7,0,0
2023-08-07 10:53Z,0,163.56,165.38,0,0,19156.11,8454.7,0,0
2023-08-07 10:54Z,0,163.2,165.38,0.36,0,19156.11,8454.7,0,0
2023-08-07 10:55Z,0,162.48,165.38,0.72,0,19156.11,8454.7,0,0
2023-08-07 10:56Z,0,162.48,165.38,0,0,19156.11,8454.7,0,0
2023-08-07 10:57Z,0,162.11,165.38,0.37,0,19156.11,8454.7,0,0
2023-08-07 10:58Z,0,162.11,165.38,0,0,19156.11,8454.7,0,0
2023-08-07 10:59Z,0,162.11,165.38,0,0,19156.11,8454.7,0,0
2023-08-07 11:00Z,3424,161.75,165.38,-2.54,0,19156.11,8454.7,0,0
2023-08-07 11:01Z,0,161.39,165.38,0.72,0,19156.11,8454.7,0,0
2023-08-07 11:02Z,0,161.39,165.38,0,0,19156.11,8454.7,0,0
2023-08-07 11:03Z,0,161.39,165.38,0,0,19156.11,8454.7,0,0
2023-08-07 11:04Z,0,161.39,165.38,0,0,19156.11,8454.7,0,0
2023-08-07 11:05Z,0,161.39,165.38,0,0,19156.11,8454.7,0,0
2023-08-07 11:06Z,0,161.39,165.38,0,0,19156.11,8454.7,0,0
2023-08-07 11:07Z,0,161.02,165.38,0.37,0,19156.11,8454.7,0,0
2023-08-07 11:08Z,0,161.02,165.38,0,0,19156.11,8454.7,0,0
2023-08-07 11:09Z,0,161.02,165.38,0,0,19156.11,8454.7,0,0
2023-08-07 11:10Z,0,161.02,165.38,0,0,19156.11,8454.7,0,0
2023-08-07 11:11Z,0,161.02,165.38,0,0,19156.11,8454.7,0,0
2023-08-07 11:12Z,0,161.02,165.38,0,0,19156.11,8454.7,0,0
2023-08-07 11:13Z,0,161.02,165.38,0,0,19156.11,8454.7,0,0
2023-08-07 11:14Z,0,160.66,165.38,0.36,0,19156.11,8454.7,0,0
2023-08-07 11:15Z,4131,160.3,165.38,-1.45,0,19156.11,8454.7,0,0
2023-08-07 11:16Z,0,160.3,165.38,0.36,0,19156.11,8454.7,0,0
2023-08-07 11:17Z,0,160.3,165.38,0,0,19156.11,8454.7,0,0
2023-08-07 11:18Z,0,160.3,165.38,0,0,19156.11,8454.7,0,0
2023-08-07 11:19Z,0,160.3,165.38,0,0,19156.11,8454.7,0,0
2023-08-07 11:20Z,0,159.57,165.38,0.73,0,19156.11,8454.7,0,0
2023-08-07 11:21Z,0,159.57,165.38,0,0,19156.11,8454.7,0,0
2023-08-07 11:22Z,0,159.21,165.38,0.36,0,19156.11,8454.7,0,0
2023-08-07 11:23Z,0,158.48,165.38,0.73,0,19156.11,8454.7,0,0
2023-08-07 11:24Z,0,158.48,165.38,0,0,19156.11,8454.7,0,0
2023-08-07 11:26Z,0,158.48,165.38,0,0,19156.11,8454.7,0,0
2023-08-07 11:27Z,0,158.48,165.38,0,0,19156.11,8454.7,0,0
2023-08-07 11:28Z,0,158.48,165.38,0,0,19156.11,8454.7,0,0
2023-08-07 11:29Z,0,158.48,165.38,0,0,19156.11,8454.7,0,0
2023-08-07 11:30Z,4414,158.12,165.38,-2.18,0,19156.11,8454.7,0,0
2023-08-07 11:31Z,0,158.12,165.38,0.36,0,19156.11,8454.7,0,0
2023-08-07 11:32Z,0,158.12,165.38,0,0,19156.11,8454.7,0,0
2023-08-07 11:33Z,0,158.12,165.38,0,0,19156.11,8454.7,0,0
2023-08-07 11:34Z,0,158.12,165.38,0,0,19156.11,8454.7,0,0
2023-08-07 11:35Z,0,158.12,165.38,0,0,19156.11,8454.7,0,0
2023-08-07 11:36Z,0,158.12,165.38,0,0,19156.11,8454.7,0,0
2023-08-07 11:37Z,0,158.12,165.38,0,0,19156.11,8454.7,0,0
2023-08-07 11:38Z,0,158.12,165.38,0,0,19156.11,8454.7,0,0
2023-08-07 11:39Z,0,157.76,165.38,0.36,0,19156.11,8454.7,0,0
2023-08-07 11:40Z,0,157.4,165.38,0.36,0,19156.11,8454.7,0,0
2023-08-07 11:41Z,0,157.03,165.38,0.37,0,19156.11,8454.7,0,0
2023-08-07 11:42Z,0,157.03,165.38,0,0,19156.11,8454.7,0,0
2023-08-07 11:43Z,0,157.03,165.38,0,0,19156.11,8454.7,0,0
2023-08-07 11:44Z,0,157.03,165.38,0,0,19156.11,8454.7,0,0
2023-08-07 11:45Z,4641,157.03,165.38,-1.09,0,19156.11,8454.7,0,0
2023-08-07 11:46Z,0,157.03,165.38,0,0,19156.11,8454.7,0,0
2023-08-07 11:47Z,0,157.03,165.38,0,0,19156.11,8454.7,0,0
2023-08-07 11:48Z,0,156.31,165.38,0.72,0,19156.11,8454.7,0,0
2023-08-07 11:49Z,0,156.31,165.38,0,0,19156.11,8454.7,0,0
2023-08-07 11:50Z,0,156.31,165.38,0,0,19156.11,8454.7,0,0
2023-08-07 11:50Z,0,155.94,165.38,0.37,0,19156.11,8454.7,0,0
2023-08-07 11:51Z,0,155.94,166.77,0,-1.39,19156.11,8454.7,0,0
2023-08-07 11:52Z,0,155.58,166.77,0.36,0,19156.11,8454.7,0,0
2023-08-07 11:53Z,0,154.85,166.77,0.73,0,19156.11,8454.7,0,0
2023-08-07 11:54Z,0,154.85,166.77,0,0,19156.11,8454.7,0,0
2023-08-07 11:55Z,0,154.85,166.77,0,0,19156.11,8454.7,0,0
2023-08-07 11:56Z,0,154.85,166.77,0,0,19156.11,8454.7,0,0
2023-08-07 11:57Z,0,154.85,166.77,0,0,19156.11,8454.7,0,0
2023-08-07 11:58Z,0,154.85,166.77,0,0,19156.11,8454.7,0,0
2023-08-07 11:59Z,0,154.85,166.77,0,0,19156.11,8454.7,0,0
2023-08-07 12:00Z,4918,154.85,166.77,-2.18,1.39,19156.11,8454.7,0,0
2023-08-07 12:01Z,0,154.85,166.77,0,0,19156.11,8454.7,0,0
2023-08-07 12:02Z,0,154.49,166.77,0.36,0,19156.11,8454.7,0,0
2023-08-07 12:03Z,0,154.13,166.77,0.36,0,19156.11,8454.7,0,0
2023-08-07 12:04Z,0,154.13,166.77,0,0,19156.11,8454.7,0,0
2023-08-07 12:05Z,0,154.13,166.77,0,0,19156.11,8454.7,0,0
2023-08-07 12:06Z,0,153.77,166.77,0.36,0,19156.11,8454.7,0,0
2023-08-07 12:07Z,0,153.77,166.77,0,0,19156.11,8454.7,0,0
2023-08-07 12:08Z,0,153.77,166.77,0,0,19156.11,8454.7,0,0
2023-08-07 12:09Z,0,153.77,166.77,0,0,19156.11,8454.7,0,0
2023-08-07 12:10Z,0,153.77,166.77,0,0,19156.11,8454.7,0,0
2023-08-07 12:11Z,0,153.77,166.77,0,0,19156.11,8454.7,0,0
2023-08-07 12:12Z,0,153.77,166.77,0,0,19156.11,8454.7,0,0
2023-08-07 12:13Z,0,153.77,166.77,0,0,19156.11,8454.7,0,0
2023-08-07 12:14Z,0,153.4,166.77,0.37,0,19156.11,8454.7,0,0
2023-08-07 12:15Z,4740,153.4,166.77,-1.45,0,19156.11,8454.7,0,0
2023-08-07 12:16Z,0,153.04,166.77,0.36,0,19156.11,8454.7,0,0
2023-08-07 12:17Z,0,152.31,166.77,0.73,0,19156.11,8454.7,0,0
2023-08-07 12:18Z,0,152.31,166.77,0,0,19156.11,8454.7,0,0
2023-08-07 12:19Z,0,151.59,166.77,0.72,0,19156.11,8454.7,0,0
2023-08-07 12:20Z,0,151.23,166.77,0.36,0,19156.11,8454.7,0,0
2023-08-07 12:21Z,0,151.23,166.77,0,0,19156.11,8454.7,0,0
2023-08-07 12:22Z,0,151.23,166.77,0,0,19156.11,8454.7,0,0
2023-08-07 12:23Z,0,151.23,166.77,0,0,19156.11,8454.7,0,0
2023-08-07 12:24Z,0,151.23,166.77,0,0,19156.11,8454.7,0,0
2023-08-07 12:25Z,0,151.23,166.77,0,0,19156.11,8454.7,0,0
2023-08-07 12:26Z,0,150.86,166.77,0.37,0,19156.11,8454.7,0,0
2023-08-07 12:27Z,0,150.86,166.77,0,0,19156.11,8454.7,0,0
2023-08-07 12:28Z,0,150.86,166.77,0,0,19156.11,8454.7,0,0
2023-08-07 12:29Z,0,150.5,166.77,0.36,0,19156.11,8454.7,0,0
2023-08-07 12:30Z,4503,150.5,166.77,-2.9,0,19156.11,8454.7,0,0
2023-08-07 12:31Z,0,150.5,166.77,0,0,19156.11,8454.7,0,0
2023-08-07 12:32Z,0,150.5,166.77,0,0,19156.11,8454.7,0,0
2023-08-07 12:33Z,0,150.5,166.77,0,0,19156.11,8454.7,0,0
2023-08-07 12:34Z,0,149.77,166.77,0.73,0,19156.11,8454.7,0,0
2023-08-07 12:35Z,0,149.77,166.77,0,0,19156.11,8454.7,0,0
2023-08-07 12:36Z,0,149.77,166.77,0,0,19156.11,8454.7,0,0
2023-08-07 12:37Z,0,149.77,166.77,0,0,19156.11,8454.7,0,0
2023-08-07 12:38Z,0,149.77,166.77,0,0,19156.11,8454.7,0,0
2023-08-07 12:39Z,0,149.77,166.77,0,0,19156.11,8454.7,0,0
2023-08-07 12:40Z,0,149.77,166.77,0,0,19156.11,8454.7,0,0
2023-08-07 12:41Z,0,149.41,166.77,0.36,0,19156.11,8454.7,0,0
2023-08-07 12:42Z,0,149.05,166.77,0.36,0,19156.11,8454.7,0,0
2023-08-07 12:43Z,0,148.69,166.77,0.36,0,19156.11,8454.7,0,0
2023-08-07 12:44Z,0,148.32,166.77,0.37,0,19156.11,8454.7,0,0
2023-08-07 12:45Z,4779,148.32,166.77,-2.18,0,19156.11,8454.7,0,0
2023-08-07 12:46Z,0,148.32,166.77,0,0,19156.11,8454.7,0,0
2023-08-07 12:47Z,0,148.32,166.77,0,0,19156.11,8454.7,0,0
2023-08-07 12:48Z,0,148.32,166.77,0,0,19156.11,8454.7,0,0
2023-08-07 12:49Z,0,148.32,166.77,0,0,19156.11,8454.7,0,0
2023-08-07 12:50Z,0,147.96,166.77,0.36,0,19156.11,8454.7,0,0
2023-08-07 12:51Z,0,147.96,166.77,0,0,19156.11,8454.7,0,0
2023-08-07 12:52Z,0,147.96,166.77,0,0,19156.11,8454.7,0,0
2023-08-07 12:53Z,0,147.6,166.77,0.36,0,19156.11,8454.7,0,0
2023-08-07 12:54Z,0,147.6,166.77,0,0,19156.11,8454.7,0,0
2023-08-07 12:55Z,0,147.23,166.77,0.37,0,19156.11,8454.7,0,0
2023-08-07 12:56Z,0,146.87,166.77,0.36,0,19156.11,8454.7,0,0
2023-08-07 12:57Z,0,146.87,166.77,0,0,19156.11,8454.7,0,0
2023-08-07 12:58Z,0,146.87,166.77,0,0,19156.11,8454.7,0,0
2023-08-07 12:59Z,0,146.87,166.77,0,0,19156.11,8454.7,0,0
2023-08-07 13:00Z,3990,146.87,166.77,-1.45,0,19156.11,8454.7,0,0
2023-08-07 13:01Z,0,146.87,166.77,0,0,19156.11,8454.7,0,0
2023-08-07 13:02Z,0,146.87,166.77,0,0,19156.11,8454.7,0,0
2023-08-07 13:03Z,0,146.51,166.77,0.36,0,19156.11,8454.7,0,0
2023-08-07 13:04Z,0,146.51,166.77,0,0,19156.11,8454.7,0,0
2023-08-07 13:05Z,0,146.15,166.77,0.36,0,19156.11,8454.7,0,0
2023-08-07 13:06Z,0,145.78,166.77,0.37,0,19156.11,8454.7,0,0
2023-08-07 13:07Z,0,145.78,166.77,0,0,19156.11,8454.7,0,0
2023-08-07 13:08Z,0,145.42,166.77,0.36,0,19156.11,8454.7,0,0
2023-08-07 13:09Z,0,145.42,166.77,0,0,19156.11,8454.7,0,0
2023-08-07 13:10Z,0,145.42,166.77,0,0,19156.11,8454.7,0,0
2023-08-07 13:11Z,0,145.42,166.77,0,0,19156.11,8454.7,0,0
2023-08-07 13:12Z,0,145.42,166.77,0,0,19156.11,8454.7,0,0
2023-08-07 13:13Z,0,145.42,166.77,0,0,19156.11,8454.7,0,0
2023-08-07 13:14Z,0,145.42,166.77,0,0,19156.11,8454.7,0,0
2023-08-07 13:15Z,4031,145.42,166.77,-1.45,0,19156.11,8454.7,0,0
2023-08-07 13:16Z,0,145.42,166.77,0,0,19156.11,8454.7,0,0
2023-08-07 13:17Z,0,145.42,166.77,0,0,19156.11,8454.7,0,0
2023-08-07 13:18Z,0,145.42,166.77,0,0,19156.11,8454.7,0,0
2023-08-07 13:19Z,0,145.06,166.77,0.36,0,19156.11,8454.7,0,0
2023-08-07 13:20Z,0,145.06,166.77,0,0,19156.11,8454.7,0,0
2023-08-07 13:21Z,0,144.69,166.77,0.37,0,19156.11,8454.7,0,0
2023-08-07 13:22Z,0,144.69,166.77,0,0,19156.11,8454.7,0,0
2023-08-07 13:23Z,0,144.69,166.77,0,0,19156.11,8454.7,0,0
2023-08-07 13:24Z,0,144.33,166.77,0.36,0,19156.11,8454.7,0,0
2023-08-07 13:25Z,0,143.97,166.77,0.36,0,19156.11,8454.7,0,0
2023-08-07 13:26Z,0,143.6,166.77,0.37,0,19156.11,8454.7,0,0
2023-08-07 13:27Z,0,143.24,166.77,0.36,0,19156.11,8454.7,0,0
2023-08-07 13:28Z,0,142.88,166.77,0.36,0,19156.11,8454.7,0,0
2023-08-07 13:29Z,0,142.88,166.77,0,0,19156.11,8454.7,0,0
2023-08-07 13:30Z,4065,142.88,166.77,-2.54,0,19156.11,8454.7,0,0
2023-08-07 13:31Z,0,142.88,166.77,0,0,19156.11,8454.7,0,0
2023-08-07 13:32Z,0,142.88,166.77,0,0,19156.11,8454.7,0,0
2023-08-07 13:33Z,0,142.52,166.77,0.36,0,19156.11,8454.7,0,0
2023-08-07 13:34Z,0,142.15,166.77,0.37,0,19156.11,8454.7,0,0
2023-08-07 13:35Z,0,142.15,166.77,0,0,19156.11,8454.7,0,0
2023-08-07 13:36Z,0,142.15,166.77,0,0,19156.11,8454.7,0,0
2023-08-07 13:37Z,0,142.15,166.77,0,0,19156.11,8454.7,0,0
2023-08-07 13:38Z,0,142.15,166.77,0,0,19156.11,8454.7,0,0
2023-08-07 13:39Z,0,142.15,166.77,0,0,19156.11,8454.7,0,0
2023-08-07 13:40Z,0,142.15,166.77,0,0,19156.11,8454.7,0,0
2023-08-07 13:41Z,0,142.15,166.77,0,0,19156.11,8454.7,0,0
2023-08-07 13:42Z,0,142.15,166.77,0,0,19156.11,8454.7,0,0
2023-08-07 13:43Z,0,142.15,166.77,0,0,19156.11,8454.7,0,0
2023-08-07 13:44Z,0,142.15,166.77,0,0,19156.11,8454.7,0,0
2023-08-07 13:45Z,3992,141.79,166.77,-1.09,0,19156.11,8454.7,0,0
2023-08-07 13:46Z,0,141.06,166.77,1.09,0,19156.11,8454.7,0,0
2023-08-07 13:47Z,0,140.34,166.77,0.72,0,19156.11,8454.7,0,0
2023-08-07 13:48Z,0,139.61,166.77,0.73,0,19156.11,8454.7,0,0
2023-08-07 13:49Z,0,139.61,166.77,0,0,19156.11,8454.7,0,0
2023-08-07 13:50Z,0,139.61,166.77,0,0,19156.11,8454.7,0,0
2023-08-07 13:51Z,0,139.61,166.77,0,0,19156.11,8454.7,0,0
2023-08-07 13:52Z,0,139.61,166.77,0,0,19156.11,8454.7,0,0
2023-08-07 13:53Z,0,139.25,166.77,0.36,0,19156.11,8454.7,0,0
2023-08-07 13:54Z,0,138.89,166.77,0.36,0,19156.11,8454.7,0,0
2023-08-07 13:55Z,0,138.52,166.77,0.37,0,19156.11,8454.7,0,0
2023-08-07 13:56Z,0,138.52,166.77,0,0,19156.11,8454.7,0,0
2023-08-07 13:57Z,0,138.52,166.77,0,0,19156.11,8454.7,0,0
2023-08-07 13:58Z,0,138.52,166.77,0,0,19156.11,8454.7,0,0
2023-08-07 13:59Z,0,138.52,166.77,0,0,19156.11,8454.7,0,0
2023-08-07 14:00Z,3964,138.52,166.77,-3.27,0,19156.11,8454.7,0,0
2023-08-07 14:01Z,0,138.16,166.77,0.36,0,19156.11,8454.7,0,0
2023-08-07 14:02Z,0,138.16,166.77,0,0,19156.11,8454.7,0,0
2023-08-07 14:03Z,0,138.16,166.77,0,0,19156.11,8454.7,0,0
2023-08-07 14:04Z,0,138.16,166.77,0,0,19156.11,8454.7,0,0
2023-08-07 14:05Z,0,138.16,166.77,0,0,19156.11,8454.7,0,0
2023-08-07 14:06Z,0,138.16,166.77,0,0,19156.11,8454.7,0,0
2023-08-07 14:07Z,0,137.44,166.77,0.72,0,19156.11,8454.7,0,0
2023-08-07 14:08Z,0,137.44,166.77,0,0,19156.11,8454.7,0,0
2023-08-07 14:09Z,0,137.44,166.77,0,0,19156.11,8454.7,0,0
2023-08-07 14:10Z,0,137.44,166.77,0,0,19156.11,8454.7,0,0
2023-08-07 14:11Z,0,137.44,166.77,0,0,19156.11,8454.7,0,0
2023-08-07 14:12Z,0,137.44,166.77,0,0,19156.11,8454.7,0,0
2023-08-07 14:13Z,0,137.44,166.77,0,0,19156.11,8454.7,0,0
2023-08-07 14:14Z,0,137.44,166.77,0,0,19156.11,8454.7,0,0
2023-08-07 14:15Z,4300,137.44,166.77,-1.08,0,19156.11,8454.7,0,0
2023-08-07 14:16Z,0,137.44,166.77,0,0,19156.11,8454.7,0,0
2023-08-07 14:17Z,0,137.07,166.77,0.37,0,19156.11,8454.7,0,0
2023-08-07 14:18Z,0,136.71,166.77,0.36,0,19156.11,8454.7,0,0
2023-08-07 14:19Z,0,136.35,166.77,0.36,0,19156.11,8454.7,0,0
2023-08-07 14:20Z,0,135.98,166.77,0.37,0,19156.11,8454.7,0,0
2023-08-07 14:21Z,0,135.62,166.77,0.36,0,19156.11,8454.7,0,0
2023-08-07 14:22Z,0,135.62,166.77,0,0,19156.11,8454.7,0,0
2023-08-07 14:23Z,0,135.62,166.77,0,0,19156.11,8454.7,0,0
2023-08-07 14:24Z,0,135.62,166.77,0,0,19156.11,8454.7,0,0
2023-08-07 14:25Z,0,135.62,166.77,0,0,19156.11,8454.7,0,0
2023-08-07 14:26Z,0,135.26,166.77,0.36,0,19156.11,8454.7,0,0
2023-08-07 14:27Z,0,135.26,166.77,0,0,19156.11,8454.7,0,0
2023-08-07 14:28Z,0,135.26,166.77,0,0,19156.11,8454.7,0,0
2023-08-07 14:29Z,0,135.26,166.77,0,0,19156.11,8454.7,0,0
2023-08-07 14:30Z,4332,135.26,166.77,-2.18,0,19156.11,8454.7,0,0
2023-08-07 14:31Z,0,135.26,166.77,0,0,19156.11,8454.7,0,0
2023-08-07 14:32Z,0,135.26,166.77,0,0,19156.11,8454.7,0,0
2023-08-07 14:33Z,0,134.9,166.77,0.36,0,19156.11,8454.7,0,0
2023-08-07 14:34Z,0,134.53,166.77,0.37,0,19156.11,8454.7,0,0
2023-08-07 14:35Z,0,134.17,166.77,0.36,0,19156.11,8454.7,0,0
2023-08-07 14:36Z,0,134.17,166.77,0,0,19156.11,8454.7,0,0
2023-08-07 14:37Z,0,134.17,166.77,0,0,19156.11,8454.7,0,0
2023-08-07 14:38Z,0,133.81,166.77,0.36,0,19156.11,8454.7,0,0
2023-08-07 14:39Z,0,133.81,166.77,0,0,19156.11,8454.7,0,0
2023-08-07 14:40Z,0,133.08,166.77,0.73,0,19156.11,8454.7,0,0
2023-08-07 14:41Z,0,133.08,166.77,0,0,19156.11,8454.7,0,0
2023-08-07 14:42Z,0,133.08,166.77,0,0,19156.11,8454.7,0,0
2023-08-07 14:43Z,0,133.08,166.77,0,0,19156.11,8454.7,0,0
2023-08-07 14:44Z,0,133.08,166.77,0,0,19156.11,8454.7,0,0
2023-08-07 14:45Z,4140,133.08,166.77,-2.18,0,19156.11,8454.7,0,0
2023-08-07 14:46Z,0,133.08,166.77,0,0,19156.11,8454.7,0,0
2023-08-07 14:47Z,0,133.08,166.77,0,0,19156.11,8454.7,0,0
2023-08-07 14:48Z,0,133.08,166.77,0,0,19156.11,8454.7,0,0
2023-08-07 14:49Z,0,133.08,166.77,0,0,19156.11,8454.7,0,0
2023-08-07 14:50Z,0,133.08,166.77,0,0,19156.11,8454.7,0,0
2023-08-07 14:51Z,0,133.08,166.77,0,0,19156.11,8454.7,0,0
2023-08-07 14:52Z,0,133.08,166.77,0,0,19156.11,8454.7,0,0
2023-08-07 14:53Z,0,132.72,166.77,0.36,0,19156.11,8454.7,0,0
2023-08-07 14:54Z,0,132.35,166.77,0.37,0,19156.11,8454.7,0,0
2023-08-07 14:55Z,0,132.35,166.77,0,0,19156.11,8454.7,0,0
2023-08-07 14:56Z,0,131.63,166.77,0.72,0,19156.11,8454.7,0,0
2023-08-07 14:57Z,0,131.63,166.77,0,0,19156.11,8454.7,0,0
2023-08-07 14:58Z,0,130.9,166.77,0.73,0,19156.11,8454.7,0,0
2023-08-07 14:59Z,0,130.54,166.77,0.36,0,19156.11,8454.7,0,0
2023-08-07 15:00Z,4497,130.54,166.77,-2.54,0,19156.11,8454.7,0,0
2023-08-07 15:01Z,0,130.54,166.77,0,0,19156.11,8454.7,0,0
2023-08-07 15:02Z,0,130.54,166.77,0,0,19156.11,8454.7,0,0
2023-08-07 15:03Z,0,130.54,166.77,0,0,19156.11,8454.7,0,0
2023-08-07 15:04Z,0,130.54,166.77,0,0,19156.11,8454.7,0,0
2023-08-07 15:05Z,0,130.54,166.77,0,0,19156.11,8454.7,0,0
2023-08-07 15:06Z,0,130.54,166.77,0,0,19156.11,8454.7,0,0
2023-08-07 15:07Z,0,130.54,166.77,0,0,19156.11,8454.7,0,0
2023-08-07 15:08Z,0,130.54,166.77,0,0,19156.11,8454.7,0,0
2023-08-07 15:09Z,0,130.54,166.77,0,0,19156.11,8454.7,0,0
2023-08-07 15:10Z,0,130.18,166.77,0.36,0,19156.11,8454.7,0,0
2023-08-07 15:11Z,0,129.81,166.77,0.37,0,19156.11,8454.7,0,0
2023-08-07 15:12Z,0,129.81,166.77,0,0,19156.11,8454.7,0,0
2023-08-07 15:13Z,0,129.45,166.77,0.36,0,19156.11,8454.7,0,0
2023-08-07 15:14Z,0,129.45,166.77,0,0,19156.11,8454.7,0,0
2023-08-07 15:15Z,4352,129.45,166.77,-1.09,0,19156.11,8454.7,0,0
2023-08-07 15:16Z,0,129.09,166.77,0.36,0,19156.11,8454.7,0,0
2023-08-07 15:17Z,0,128.73,166.77,0.36,0,19156.11,8454.7,0,0
2023-08-07 15:18Z,0,128.36,166.77,0.37,0,19156.11,8454.7,0,0
2023-08-07 15:19Z,0,128.36,166.77,0,0,19156.11,8454.7,0,0
2023-08-07 15:20Z,0,128.36,166.77,0,0,19156.11,8454.7,0,0
2023-08-07 15:21Z,0,128.36,166.77,0,0,19156.11,8454.7,0,0
2023-08-07 15:22Z,0,128.36,166.77,0,0,19156.11,8454.7,0,0
2023-08-07 15:23Z,0,128,166.77,0.36,0,19156.11,8454.7,0,0
2023-08-07 15:24Z,0,128,166.77,0,0,19156.11,8454.7,0,0
2023-08-07 15:25Z,0,128,166.77,0,0,19156.11,8454.7,0,0
2023-08-07 15:26Z,0,128,166.77,0,0,19156.11,8454.7,0,0
2023-08-07 15:27Z,0,128,166.77,0,0,19156.11,8454.7,0,0
2023-08-07 15:28Z,0,127.64,166.77,0.36,0,19156.11,8454.7,0,0
2023-08-07 15:29Z,0,127.64,166.77,0,0,19156.11,8454.7,0,0
2023-08-07 15:30Z,4278,127.27,166.77,-2.18,0,19156.11,8454.7,0,0
2023-08-07 15:31Z,0,126.91,166.77,0.73,0,19156.11,8454.7,0,0
2023-08-07 15:32Z,0,126.91,166.77,0,0,19156.11,8454.7,0,0
2023-08-07 15:33Z,0,126.55,166.77,0.36,0,19156.11,8454.7,0,0
2023-08-07 15:34Z,0,126.55,166.77,0,0,19156.11,8454.7,0,0
2023-08-07 15:35Z,0,126.55,166.77,0,0,19156.11,8454.7,0,0
2023-08-07 15:36Z,0,126.55,166.77,0,0,19156.11,8454.7,0,0
2023-08-07 15:37Z,0,126.55,166.77,0,0,19156.11,8454.7,0,0
2023-08-07 15:38Z,0,126.55,166.77,0,0,19156.11,8454.7,0,0
2023-08-07 15:39Z,0,126.55,166.77,0,0,19156.11,8454.7,0,0
2023-08-07 15:40Z,0,126.19,166.77,0.36,0,19156.11,8454.7,0,0
2023-08-07 15:41Z,0,126.19,166.77,0,0,19156.11,8454.7,0,0
2023-08-07 15:42Z,0,125.82,166.77,0.37,0,19156.11,8454.7,0,0
2023-08-07 15:43Z,0,125.46,166.77,0.36,0,19156.11,8454.7,0,0
2023-08-07 15:44Z,0,125.46,166.77,0,0,19156.11,8454.7,0,0
2023-08-07 15:45Z,4450,125.46,166.77,-1.81,0,19156.11,8454.7,0,0
2023-08-07 15:46Z,0,125.46,166.77,0,0,19156.11,8454.7,0,0
2023-08-07 15:47Z,0,125.1,166.77,0.36,0,19156.11,8454.7,0,0
2023-08-07 15:48Z,0,125.1,166.77,0,0,19156.11,8454.7,0,0
2023-08-07 15:49Z,0,124.73,166.77,0.37,0,19156.11,8454.7,0,0
2023-08-07 15:50Z,0,124.37,166.77,0.36,0,19156.11,8454.7,0,0
2023-08-07 15:51Z,0,124.37,166.77,0,0,19156.11,8454.7,0,0
2023-08-07 15:52Z,0,124.37,166.77,0,0,19156.11,8454.7,0,0
2023-08-07 15:53Z,0,124.37,166.77,0,0,19156.11,8454.7,0,0
2023-08-07 15:54Z,0,124.37,166.77,0,0,19156.11,8454.7,0,0
2023-08-07 15:55Z,0,124.37,166.77,0,0,19156.11,8454.7,0,0
2023-08-07 15:56Z,0,124.37,166.77,0,0,19156.11,8454.7,0,0
2023-08-07 15:57Z,0,124.37,166.77,0,0,19156.11,8454.7,0,0
2023-08-07 15:58Z,0,124.37,166.77,0,0,19156.11,8454.7,0,0
2023-08-07 15:59Z,0,124.37,166.77,0,0,19156.11,8454.7,0,0
2023-08-07 16:00Z,3629,124.37,166.77,-1.09,0,19156.11,8454.7,0,0
2023-08-07 16:01Z,0,124.01,166.77,0.36,0,19156.11,8454.7,0,0
2023-08-07 16:02Z,0,124.01,166.77,0,0,19156.11,8454.7,0,0
2023-08-07 16:03Z,0,123.65,166.77,0.36,0,19156.11,8454.7,0,0
2023-08-07 16:04Z,0,123.28,166.77,0.37,0,19156.11,8454.7,0,0
2023-08-07 16:05Z,0,123.28,166.77,0,0,19156.11,8454.7,0,0
2023-08-07 16:06Z,0,122.92,166.77,0.36,0,19156.11,8454.7,0,0
2023-08-07 16:07Z,0,122.56,166.77,0.36,0,19156.11,8454.7,0,0
2023-08-07 16:08Z,0,122.56,166.77,0,0,19156.11,8454.7,0,0
2023-08-07 16:09Z,0,122.19,166.77,0.37,0,19156.11,8454.7,0,0
2023-08-07 16:10Z,0,122.19,166.77,0,0,19156.11,8454.7,0,0
2023-08-07 16:11Z,0,122.19,166.77,0,0,19156.11,8454.7,0,0
2023-08-07 16:12Z,0,122.19,166.77,0,0,19156.11,8454.7,0,0
2023-08-07 16:13Z,0,122.19,166.77,0,0,19156.11,8454.7,0,0
2023-08-07 16:14Z,0,122.19,166.77,0,0,19156.11,8454.7,0,0
2023-08-07 16:15Z,3451,121.83,166.77,-2.54,0,19156.11,8454.7,0,0
2023-08-07 16:16Z,0,121.47,166.77,0.72,0,19156.11,8454.7,0,0
2023-08-07 16:17Z,0,121.47,166.77,0,0,19156.11,8454.7,0,0
2023-08-07 16:18Z,0,121.1,166.77,0.37,0,19156.11,8454.7,0,0
2023-08-07 16:19Z,0,121.1,166.77,0,0,19156.11,8454.7,0,0
2023-08-07 16:20Z,0,121.1,166.77,0,0,19156.11,8454.7,0,0
2023-08-07 16:21Z,0,120.74,166.77,0.36,0,19156.11,8454.7,0,0
2023-08-07 16:22Z,0,120.74,166.77,0,0,19156.11,8454.7,0,0
2023-08-07 16:23Z,0,120.74,166.77,0,0,19156.11,8454.7,0,0
2023-08-07 16:24Z,0,120.74,166.77,0,0,19156.11,8454.7,0,0
2023-08-07 16:25Z,0,120.38,166.77,0.36,0,19156.11,8454.7,0,0
2023-08-07 16:26Z,0,120.38,166.77,0,0,19156.11,8454.7,0,0
2023-08-07 16:27Z,0,120.38,166.77,0,0,19156.11,8454.7,0,0
2023-08-07 16:28Z,0,120.02,166.77,0.36,0,19156.11,8454.7,0,0
2023-08-07 16:29Z,0,120.02,166.77,0,0,19156.11,8454.7,0,0
2023-08-07 16:30Z,2785,119.65,166.77,-2.18,0,19156.11,8454.7,0,0
2023-08-07 16:31Z,0,119.29,166.77,0.73,0,19156.11,8454.7,0,0
2023-08-07 16:32Z,0,119.29,166.77,0,0,19156.11,8454.7,0,0
2023-08-07 16:33Z,0,119.29,166.77,0,0,19156.11,8454.7,0,0
2023-08-07 16:34Z,0,119.29,166.77,0,0,19156.11,8454.7,0,0
2023-08-07 16:35Z,0,119.29,166.77,0,0,19156.11,8454.7,0,0
2023-08-07 16:36Z,0,119.29,166.77,0,0,19156.11,8454.7,0,0
2023-08-07 16:37Z,0,119.29,166.77,0,0,19156.11,8454.7,0,0
2023-08-07 16:38Z,0,119.29,166.77,0,0,19156.11,8454.7,0,0
2023-08-07 16:38Z,0,119.29,166.77,0,0,19156.11,8454.7,0,0
2023-08-07 16:39Z,0,118.93,166.77,0.36,0,19156.11,8454.7,0,0
2023-08-07 16:40Z,0,118.56,166.77,0.37,0,19156.11,8454.7,0,0
2023-08-07 16:41Z,0,118.56,166.77,0,0,19156.11,8454.7,0,0
2023-08-07 16:42Z,0,118.2,166.77,0.36,0,19156.11,8454.7,0,0
2023-08-07 16:43Z,0,118.2,166.77,0,0,19156.11,8454.7,0,0
2023-08-07 16:44Z,0,118.2,166.77,0,0,19156.11,8454.7,0,0
2023-08-07 16:45Z,2147,117.84,166.77,-1.81,0,19156.11,8454.7,0,0
2023-08-07 16:46Z,0,117.84,166.77,0.36,0,19156.11,8454.7,0,0
2023-08-07 16:47Z,0,117.84,166.77,0,0,19156.11,8454.7,0,0
2023-08-07 16:48Z,0,117.48,166.77,0.36,0,19156.11,8454.7,0,0
2023-08-07 16:49Z,0,117.48,166.77,0,0,19156.11,8454.7,0,0
2023-08-07 16:50Z,0,117.11,166.42,0.37,0.35,19156.11,8454.7,0,0
2023-08-07 16:51Z,0,117.11,166.42,0,0,19156.11,8454.7,0,0
2023-08-07 16:52Z,0,117.11,166.42,0,0,19156.11,8454.7,0,0
2023-08-07 16:53Z,0,116.75,166.42,0.36,0,19156.11,8454.7,0,0
2023-08-07 16:54Z,0,116.75,166.42,0,0,19156.11,8454.7,0,0
2023-08-07 16:55Z,0,116.75,166.42,0,0,19156.11,8454.7,0,0
2023-08-07 16:56Z,0,116.75,166.42,0,0,19156.11,8454.7,0,0
2023-08-07 16:57Z,0,116.75,166.42,0,0,19156.11,8454.7,0,0
2023-08-07 16:58Z,0,116.39,166.42,0.36,0,19156.11,8454.7,0,0
2023-08-07 16:59Z,0,116.39,166.42,0,0,19156.11,8454.7,0,0
2023-08-07 17:00Z,2631,116.02,166.42,-1.82,-0.35,19156.11,8454.7,0,0
2023-08-07 17:01Z,0,115.66,166.42,0.73,0,19156.11,8454.7,0,0
2023-08-07 17:02Z,0,115.66,166.42,0,0,19156.11,8454.7,0,0
2023-08-07 17:03Z,0,115.3,166.42,0.36,0,19156.11,8454.7,0,0
2023-08-07 17:04Z,0,115.3,166.42,0,0,19156.11,8454.7,0,0
2023-08-07 17:05Z,0,115.3,166.42,0,0,19156.11,8454.7,0,0
2023-08-07 17:06Z,0,115.3,166.42,0,0,19156.11,8454.7,0,0
2023-08-07 17:07Z,0,115.3,166.42,0,0,19156.11,8454.7,0,0
2023-08-07 17:08Z,0,115.3,166.42,0,0,19156.11,8454.7,0,0
2023-08-07 17:09Z,0,115.3,166.42,0,0,19156.11,8454.7,0,0
2023-08-07 17:10Z,0,114.94,166.42,0.36,0,19156.11,8454.7,0,0
2023-08-07 17:11Z,0,114.94,166.42,0,0,19156.11,8454.7,0,0
2023-08-07 17:12Z,0,114.94,166.42,0,0,19156.11,8454.7,0,0
2023-08-07 17:13Z,0,114.57,166.42,0.37,0,19156.11,8454.7,0,0
2023-08-07 17:14Z,0,114.21,166.42,0.36,0,19156.11,8454.7,0,0
2023-08-07 17:15Z,1765,114.21,166.42,-1.81,0,19156.11,8454.7,0,0
2023-08-07 17:16Z,0,114.21,166.42,0,0,19156.11,8454.7,0,0
2023-08-07 17:17Z,0,114.21,166.42,0,0,19156.11,8454.7,0,0
2023-08-07 17:18Z,0,114.21,166.42,0,0,19156.11,8454.7,0,0
2023-08-07 17:19Z,0,113.85,166.42,0.36,0,19156.11,8454.7,0,0
2023-08-07 17:20Z,0,113.48,166.42,0.37,0,19156.11,8454.7,0,0
2023-08-07 17:21Z,0,113.48,166.42,0,0,19156.11,8454.7,0,0
2023-08-07 17:22Z,0,113.48,166.42,0,0,19156.11,8454.7,0,0
2023-08-07 17:23Z,0,113.48,166.42,0,0,19156.11,8454.7,0,0
2023-08-07 17:24Z,0,113.48,166.42,0,0,19156.11,8454.7,0,0
2023-08-07 17:25Z,0,113.12,166.42,0.36,0,19156.11,8454.7,0,0
2023-08-07 17:26Z,0,113.12,166.42,0,0,19156.11,8454.7,0,0
2023-08-07 17:27Z,0,112.76,166.42,0.36,0,19156.11,8454.7,0,0
2023-08-07 17:28Z,0,112.4,166.42,0.36,0,19156.11,8454.7,0,0
2023-08-07 17:29Z,0,112.4,166.42,0,0,19156.11,8454.7,0,0
2023-08-07 17:30Z,287,112.4,166.42,-1.81,0,19156.11,8454.7,0,0
2023-08-07 17:31Z,0,112.4,166.42,0,0,19156.11,8454.7,0,0
2023-08-07 17:32Z,0,112.4,166.42,0,0,19156.11,8454.7,0,0
2023-08-07 17:33Z,0,112.4,166.42,0,0,19156.11,8454.7,0,0
2023-08-07 17:34Z,0,112.4,166.42,0,0,19156.11,8454.7,0,0
2023-08-07 17:35Z,0,112.03,166.42,0.37,0,19156.11,8454.7,0,0
2023-08-07 17:36Z,0,112.03,166.42,0,0,19156.11,8454.7,0,0
2023-08-07 17:37Z,0,112.03,166.42,0,0,19156.11,8454.7,0,0
2023-08-07 17:38Z,0,112.03,166.42,0,0,19156.11,8454.7,0,0
2023-08-07 17:39Z,0,112.03,166.42,0,0,19156.11,8454.7,0,0
2023-08-07 17:40Z,0,112.03,166.42,0,0,19156.11,8454.7,0,0
2023-08-07 17:41Z,0,111.67,166.42,0.36,0,19156.11,8454.7,0,0
2023-08-07 17:42Z,0,111.67,166.42,0,0,19156.11,8454.7,0,0
2023-08-07 17:43Z,0,111.67,166.42,0,0,19156.11,8454.7,0,0
2023-08-07 17:44Z,0,111.67,166.42,0,0,19156.11,8454.7,0,0
2023-08-07 17:45Z,0,111.67,166.42,-0.73,0,19156.11,8454.7,0,0
2023-08-07 17:46Z,0,111.31,166.42,0.36,0,19156.11,8454.7,0,0
2023-08-07 17:47Z,0,110.94,166.42,0.37,0,19156.11,8454.7,0,0
2023-08-07 17:48Z,0,110.22,166.42,0.72,0,19156.11,8454.7,0,0
2023-08-07 17:49Z,0,110.22,166.42,0,0,19156.11,8454.7,0,0
2023-08-07 17:50Z,0,110.22,166.42,0,0,19156.11,8454.7,0,0
2023-08-07 17:51Z,0,110.22,166.42,0,0,19156.11,8454.7,0,0
2023-08-07 17:52Z,0,110.22,166.42,0,0,19156.11,8454.7,0,0
2023-08-07 17:53Z,0,110.22,166.42,0,0,19156.11,8454.7,0,0
2023-08-07 17:54Z,0,110.22,166.42,0,0,19156.11,8454.7,0,0
2023-08-07 17:55Z,0,110.22,166.42,0,0,19156.11,8454.7,0,0
2023-08-07 17:56Z,0,110.22,166.42,0,0,19156.11,8454.7,0,0
2023-08-07 17:57Z,0,110.22,166.42,0,0,19156.11,8454.7,0,0
2023-08-07 17:58Z,0,110.22,166.42,0,0,19156.11,8454.7,0,0
2023-08-07 17:59Z,0,109.85,166.42,0.37,0,19156.11,8454.7,0,0
2023-08-07 18:00Z,0,109.85,166.42,-1.82,0,19156.11,8454.7,0,0
2023-08-07 18:01Z,0,109.85,166.42,0,0,19156.11,8454.7,0,0
2023-08-07 18:02Z,0,109.49,166.42,0.36,0,19156.11,8454.7,0,0
2023-08-07 18:03Z,0,109.49,166.42,0,0,19156.11,8454.7,0,0
2023-08-07 18:04Z,0,109.13,166.42,0.36,0,19156.11,8454.7,0,0
2023-08-07 18:05Z,0,109.13,166.42,0,0,19156.11,8454.7,0,0
2023-08-07 18:06Z,0,109.13,166.42,0,0,19156.11,8454.7,0,0
2023-08-07 18:07Z,0,109.13,166.42,0,0,19156.11,8454.7,0,0
2023-08-07 18:08Z,0,108.77,166.42,0.36,0,19156.11,8454.7,0,0
2023-08-07 18:09Z,0,108.4,166.42,0.37,0,19156.11,8454.7,0,0
2023-08-07 18:10Z,0,108.4,166.42,0,0,19156.11,8454.7,0,0
2023-08-07 18:11Z,0,108.4,166.42,0,0,19156.11,8454.7,0,0
2023-08-07 18:12Z,0,108.4,166.42,0,0,19156.11,8454.7,0,0
2023-08-07 18:13Z,0,108.4,166.42,0,0,19156.11,8454.7,0,0
2023-08-07 18:14Z,0,108.04,166.42,0.36,0,19156.11,8454.7,0,0
2023-08-07 18:15Z,0,107.68,166.42,-2.17,0,19156.11,8454.7,0,0
2023-08-07 18:16Z,0,107.68,166.42,0.36,0,19156.11,8454.7,0,0
2023-08-07 18:17Z,0,107.68,166.42,0,0,19156.11,8454.7,0,0
2023-08-07 18:18Z,0,107.68,166.42,0,0,19156.11,8454.7,0,0
2023-08-07 18:19Z,0,107.31,166.42,0.37,0,19156.11,8454.7,0,0
2023-08-07 18:20Z,0,107.31,166.42,0,0,19156.11,8454.7,0,0
2023-08-07 18:21Z,0,106.95,166.42,0.36,0,19156.11,8454.7,0,0
2023-08-07 18:22Z,0,106.59,166.42,0.36,0,19156.11,8454.7,0,0
2023-08-07 18:23Z,0,106.59,166.42,0,0,19156.11,8454.7,0,0
2023-08-07 18:24Z,0,106.59,166.42,0,0,19156.11,8454.7,0,0
2023-08-07 18:25Z,0,106.59,166.42,0,0,19156.11,8454.7,0,0
2023-08-07 18:26Z,0,106.59,166.42,0,0,19156.11,8454.7,0,0
2023-08-07 18:27Z,0,106.59,166.42,0,0,19156.11,8454.7,0,0
2023-08-07 18:28Z,0,106.59,166.42,0,0,19156.11,8454.7,0,0
2023-08-07 18:29Z,0,106.59,166.42,0,0,19156.11,8454.7,0,0
2023-08-07 18:30Z,0,106.59,166.42,-1.09,0,19156.11,8454.7,0,0
2023-08-07 18:31Z,0,106.59,166.42,0,0,19156.11,8454.7,0,0
2023-08-07 18:31Z,0,106.59,166.42,0,0,19156.11,8454.7,0,0
2023-08-07 18:31Z,0,106.59,166.42,0,0,19156.11,8454.7,0,0
2023-08-07 18:32Z,0,106.59,166.42,0,0,19156.11,8454.7,0,0
2023-08-07 18:33Z,0,106.23,166.42,0.36,0,19156.11,8454.7,0,0
2023-08-07 18:34Z,0,106.23,166.42,0,0,19156.11,8454.7,0,0
2023-08-07 18:35Z,0,106.23,166.42,0,0,19156.11,8454.7,0,0
2023-08-07 18:36Z,0,106.23,166.42,0,0,19156.11,8454.7,0,0
2023-08-07 18:37Z,0,106.23,166.42,0,0,19156.11,8454.7,0,0
2023-08-07 18:38Z,0,106.23,166.42,0,0,19156.11,8454.7,0,0
2023-08-07 18:39Z,0,106.23,166.42,0,0,19156.11,8454.7,0,0
2023-08-07 18:40Z,0,106.23,166.42,0,0,19156.11,8454.7,0,0
2023-08-07 18:41Z,0,106.23,166.42,0,0,19156.11,8454.7,0,0
2023-08-07 18:42Z,0,106.23,166.42,0,0,19156.11,8454.7,0,0
2023-08-07 18:43Z,0,106.23,166.42,0,0,19156.11,8454.7,0,0
2023-08-07 18:44Z,0,106.23,166.42,0,0,19156.11,8454.7,0,0
2023-08-07 18:45Z,0,106.23,166.42,-0.36,0,19156.11,8454.7,0,0
2023-08-07 18:46Z,0,106.23,166.42,0,0,19156.11,8454.7,0,0
2023-08-07 18:47Z,0,106.23,166.42,0,0,19156.11,8454.7,0,0
2023-08-07 18:48Z,0,106.23,166.42,0,0,19156.11,8454.7,0,0
2023-08-07 18:49Z,0,106.23,166.42,0,0,19156.11,8454.7,0,0
2023-08-07 18:50Z,0,106.23,166.42,0,0,19156.11,8454.7,0,0
2023-08-07 18:51Z,0,106.23,166.42,0,0,19156.11,8454.7,0,0
2023-08-07 18:52Z,0,106.23,166.42,0,0,19156.11,8454.7,0,0
2023-08-07 18:53Z,0,106.23,166.42,0,0,19156.11,8454.7,0,0
2023-08-07 18:54Z,0,106.23,166.42,0,0,19156.11,8454.7,0,0
2023-08-07 18:55Z,0,106.23,166.42,0,0,19156.11,8454.7,0,0
2023-08-07 18:56Z,0,106.23,166.42,0,0,19156.11,8454.7,0,0
2023-08-07 18:57Z,0,106.23,166.42,0,0,19156.11,8454.7,0,0
2023-08-07 18:58Z,0,106.23,166.42,0,0,19156.11,8454.7,0,0
2023-08-07 18:59Z,0,106.23,166.42,0,0,19156.11,8454.7,0,0
2023-08-07 19:00Z,0,106.23,166.42,0,0,19156.11,8454.7,0,0
2023-08-07 19:01Z,0,106.23,166.42,0,0,19156.11,8454.7,0,0
2023-08-07 19:02Z,0,106.23,166.42,0,0,19156.11,8454.7,0,0
2023-08-07 19:03Z,0,106.23,166.42,0,0,19156.11,8454.7,0,0
2023-08-07 19:04Z,0,106.23,166.42,0,0,19156.11,8454.7,0,0
2023-08-07 19:05Z,0,106.23,166.42,0,0,19156.11,8454.7,0,0
2023-08-07 19:06Z,0,106.23,166.42,0,0,19156.11,8454.7,0,0
2023-08-07 19:07Z,0,106.23,166.42,0,0,19156.11,8454.7,0,0
2023-08-07 19:08Z,0,106.23,166.42,0,0,19156.11,8454.7,0,0
2023-08-07 19:09Z,0,106.23,166.42,0,0,19156.11,8454.7,0,0
2023-08-07 19:10Z,0,106.23,166.42,0,0,19156.11,8454.7,0,0
2023-08-07 19:11Z,0,106.23,166.42,0,0,19156.11,8454.7,0,0
2023-08-07 19:12Z,0,106.23,166.42,0,0,19156.11,8454.7,0,0
2023-08-07 19:13Z,0,106.23,166.42,0,0,19156.11,8454.7,0,0
2023-08-07 19:14Z,0,106.23,166.42,0,0,19156.11,8454.7,0,0
2023-08-07 19:15Z,0,106.23,166.42,0,0,19156.11,8454.7,0,0
2023-08-07 19:16Z,0,106.23,166.42,0,0,19156.11,8454.7,0,0
2023-08-07 19:17Z,0,106.23,166.42,0,0,19156.11,8454.7,0,0
2023-08-07 19:18Z,0,106.23,166.42,0,0,19156.11,8454.7,0,0
2023-08-07 19:19Z,0,106.23,166.42,0,0,19156.11,8454.7,0,0
2023-08-07 19:20Z,0,106.23,166.42,0,0,19156.11,8454.7,0,0
2023-08-07 19:21Z,0,106.23,166.42,0,0,19156.11,8454.7,0,0
2023-08-07 19:22Z,0,106.23,166.42,0,0,19156.11,8454.7,0,0
2023-08-07 19:23Z,0,106.23,166.42,0,0,19156.11,8454.7,0,0
2023-08-07 19:24Z,0,106.23,166.42,0,0,19156.11,8454.7,0,0
2023-08-07 19:25Z,0,106.23,166.42,0,0,19156.11,8454.7,0,0
2023-08-07 19:26Z,0,106.23,166.42,0,0,19156.11,8454.7,0,0
2023-08-07 19:27Z,0,106.23,166.42,0,0,19156.11,8454.7,0,0
2023-08-07 19:28Z,0,106.23,166.42,0,0,19156.11,8454.7,0,0
2023-08-07 19:29Z,0,106.23,166.42,0,0,19156.11,8454.7,0,0
2023-08-07 19:30Z,0,106.23,166.42,0,0,19156.11,8454.7,0,0
2023-08-07 19:31Z,0,106.23,166.42,0,0,19156.11,8454.7,0,0
2023-08-07 19:32Z,0,106.23,166.42,0,0,19156.11,8454.7,0,0
2023-08-07 19:33Z,0,106.23,166.42,0,0,19156.11,8454.7,0,0
2023-08-07 19:34Z,0,106.23,166.42,0,0,19156.11,8454.7,0,0
2023-08-07 19:35Z,0,106.23,166.42,0,0,19156.11,8454.7,0,0
2023-08-07 19:36Z,0,106.23,166.42,0,0,19156.11,8454.7,0,0
2023-08-07 19:37Z,0,106.23,166.42,0,0,19156.11,8454.7,0,0
2023-08-07 19:38Z,0,106.23,166.42,0,0,19156.11,8454.7,0,0
2023-08-07 19:39Z,0,106.23,166.42,0,0,19156.11,8454.7,0,0
2023-08-07 19:40Z,0,106.23,166.42,0,0,19156.11,8454.7,0,0
2023-08-07 19:41Z,0,106.23,166.42,0,0,19156.11,8454.7,0,0
2023-08-07 19:42Z,0,106.23,166.42,0,0,19156.11,8454.7,0,0
2023-08-07 19:43Z,0,106.23,166.42,0,0,19156.11,8454.7,0,0
2023-08-07 19:44Z,0,106.23,166.42,0,0,19156.11,8454.7,0,0
2023-08-07 19:45Z,0,106.23,166.42,0,0,19156.11,8454.7,0,0
2023-08-07 19:46Z,0,106.23,166.42,0,0,19156.11,8454.7,0,0
2023-08-07 19:47Z,0,106.23,166.42,0,0,19156.11,8454.7,0,0
2023-08-07 19:48Z,0,106.23,166.42,0,0,19156.11,8454.7,0,0
2023-08-07 19:49Z,0,106.23,166.42,0,0,19156.11,8454.7,0,0
2023-08-07 19:50Z,0,106.23,166.42,0,0,19156.11,8454.7,0,0
2023-08-07 19:51Z,0,106.23,166.42,0,0,19156.11,8454.7,0,0
2023-08-07 19:52Z,0,106.23,166.42,0,0,19156.11,8454.7,0,0
2023-08-07 19:53Z,0,106.23,166.42,0,0,19156.11,8454.7,0,0
2023-08-07 19:54Z,0,106.23,166.42,0,0,19156.11,8454.7,0,0
2023-08-07 19:55Z,0,106.23,166.42,0,0,19156.11,8454.7,0,0
2023-08-07 19:56Z,0,106.23,166.42,0,0,19156.11,8454.7,0,0
2023-08-07 19:57Z,0,106.23,166.42,0,0,19156.11,8454.7,0,0
2023-08-07 19:58Z,0,106.23,166.42,0,0,19156.11,8454.7,0,0
2023-08-07 19:59Z,0,106.23,166.42,0,0,19156.11,8454.7,0,0
2023-08-07 20:00Z,0,106.23,166.42,0,0,19156.11,8454.7,0,0
2023-08-07 20:01Z,0,106.23,166.42,0,0,19156.11,8454.7,0,0
2023-08-07 20:02Z,0,106.23,166.42,0,0,19156.11,8454.7,0,0
2023-08-07 20:03Z,0,106.23,166.42,0,0,19156.11,8454.7,0,0
2023-08-07 20:04Z,0,106.23,166.42,0,0,19156.11,8454.7,0,0
2023-08-07 20:05Z,0,106.23,166.42,0,0,19156.11,8454.7,0,0
2023-08-07 20:06Z,0,106.23,166.42,0,0,19156.11,8454.7,0,0
2023-08-07 20:07Z,0,106.23,166.42,0,0,19156.11,8454.7,0,0
2023-08-07 20:08Z,0,106.23,166.42,0,0,19156.11,8454.7,0,0
2023-08-07 20:09Z,0,106.23,166.42,0,0,19156.11,8454.7,0,0
2023-08-07 20:10Z,0,106.23,166.42,0,0,19156.11,8454.7,0,0
2023-08-07 20:11Z,0,106.23,166.42,0,0,19156.11,8454.7,0,0
2023-08-07 20:12Z,0,106.23,166.42,0,0,19156.11,8454.7,0,0
2023-08-07 20:13Z,0,106.23,166.42,0,0,19156.11,8454.7,0,0
2023-08-07 20:14Z,0,106.23,166.42,0,0,19156.11,8454.7,0,0
2023-08-07 20:15Z,0,106.23,166.42,0,0,19156.11,8454.7,0,0
2023-08-07 20:16Z,0,106.23,166.42,0,0,19156.11,8454.7,0,0
2023-08-07 20:17Z,0,106.23,166.42,0,0,19156.11,8454.7,0,0
2023-08-07 20:18Z,0,106.23,166.42,0,0,19156.11,8454.7,0,0
2023-08-07 20:19Z,0,106.23,166.42,0,0,19156.11,8454.7,0,0
2023-08-07 20:20Z,0,106.23,166.42,0,0,19156.11,8454.7,0,0
2023-08-07 20:21Z,0,106.23,166.42,0,0,19156.11,8454.7,0,0
2023-08-07 20:22Z,0,106.23,166.42,0,0,19156.11,8454.7,0,0
2023-08-07 20:23Z,0,106.23,166.42,0,0,19156.11,8454.7,0,0
2023-08-07 20:24Z,0,106.23,166.42,0,0,19156.11,8454.7,0,0
2023-08-07 20:25Z,0,106.23,166.42,0,0,19156.11,8454.7,0,0
2023-08-07 20:26Z,0,106.23,166.42,0,0,19156.11,8454.7,0,0
2023-08-07 20:27Z,0,106.23,166.42,0,0,19156.11,8454.7,0,0
2023-08-07 20:28Z,0,106.23,166.42,0,0,19156.11,8454.7,0,0
2023-08-07 20:29Z,0,106.23,166.42,0,0,19156.11,8454.7,0,0
2023-08-07 20:30Z,285,106.23,166.42,0,0,19156.11,8454.7,0,0
2023-08-07 20:31Z,0,106.23,166.42,0,0,19156.11,8454.7,0,0
2023-08-07 20:32Z,0,106.23,166.42,0,0,19156.11,8454.7,0,0
2023-08-07 20:33Z,0,106.23,166.42,0,0,19156.11,8454.7,0,0
2023-08-07 20:34Z,0,106.23,166.42,0,0,19156.11,8454.7,0,0
2023-08-07 20:35Z,0,106.23,166.42,0,0,19156.11,8454.7,0,0
2023-08-07 20:36Z,0,106.23,166.42,0,0,19156.11,8454.7,0,0
2023-08-07 20:37Z,0,106.23,166.42,0,0,19156.11,8454.7,0,0
2023-08-07 20:38Z,0,106.23,166.42,0,0,19156.11,8454.7,0,0
2023-08-07 20:39Z,0,106.23,166.42,0,0,19156.11,8454.7,0,0
2023-08-07 20:40Z,0,106.23,166.42,0,0,19156.11,8454.7,0,0
2023-08-07 20:41Z,0,106.23,166.42,0,0,19156.11,8454.7,0,0
2023-08-07 20:42Z,0,106.23,166.42,0,0,19156.11,8454.7,0,0
2023-08-07 20:43Z,0,106.23,166.42,0,0,19156.11,8454.7,0,0
2023-08-07 20:44Z,0,106.23,166.42,0,0,19156.11,8454.7,0,0
2023-08-07 20:45Z,908,106.23,166.42,0,0,19156.11,8454.7,0,0
2023-08-07 20:46Z,0,106.23,166.42,0,0,19156.11,8454.7,0,0
2023-08-07 20:47Z,0,106.23,166.42,0,0,19156.11,8454.7,0,0
2023-08-07 20:48Z,0,106.23,166.42,0,0,19156.11,8454.7,0,0
2023-08-07 20:49Z,0,106.23,166.42,0,0,19156.11,8454.7,0,0
2023-08-07 20:50Z,0,106.23,166.42,0,0,19156.11,8454.7,0,0
2023-08-07 20:51Z,0,106.23,166.42,0,0,19156.11,8454.7,0,0
2023-08-07 20:52Z,0,106.23,166.42,0,0,19156.11,8454.7,0,0
2023-08-07 20:53Z,0,106.23,166.42,0,0,19156.11,8454.7,0,0
2023-08-07 20:54Z,0,106.23,166.42,0,0,19156.11,8454.7,0,0
2023-08-07 20:55Z,0,106.23,166.42,0,0,19156.11,8454.7,0,0
2023-08-07 20:56Z,0,106.23,166.42,0,0,19156.11,8454.7,0,0
2023-08-07 20:57Z,0,106.23,166.42,0,0,19156.11,8454.7,0,0
2023-08-07 20:58Z,0,106.23,166.42,0,0,19156.11,8454.7,0,0
2023-08-07 20:59Z,0,106.23,166.42,0,0,19156.11,8454.7,0,0
2023-08-07 21:00Z,927,106.23,166.42,0,0,19156.11,8454.7,0,0
2023-08-07 21:01Z,0,106.23,166.42,0,0,19156.11,8454.7,0,0
2023-08-07 21:02Z,0,106.23,166.42,0,0,19156.11,8454.7,0,0
2023-08-07 21:03Z,0,106.23,166.42,0,0,19156.11,8454.7,0,0
2023-08-07 21:04Z,0,106.23,166.42,0,0,19156.11,8454.7,0,0
2023-08-07 21:05Z,0,106.23,166.42,0,0,19156.11,8454.7,0,0
2023-08-07 21:06Z,0,106.23,166.42,0,0,19156.11,8454.7,0,0
2023-08-07 21:07Z,0,106.23,166.42,0,0,19156.11,8454.7,0,0
2023-08-07 21:08Z,0,106.23,166.42,0,0,19156.11,8454.7,0,0
2023-08-07 21:09Z,0,106.23,166.42,0,0,19156.11,8454.7,0,0
2023-08-07 21:10Z,0,106.23,166.42,0,0,19156.11,8454.7,0,0
2023-08-07 21:11Z,0,106.23,166.42,0,0,19156.11,8454.7,0,0
2023-08-07 21:12Z,0,106.23,166.42,0,0,19156.11,8454.7,0,0
2023-08-07 21:13Z,0,106.23,166.42,0,0,19156.11,8454.7,0,0
2023-08-07 21:14Z,0,106.23,166.42,0,0,19156.11,8454.7,0,0
2023-08-07 21:15Z,950,106.23,166.42,0,0,19156.11,8454.7,0,0
2023-08-07 21:16Z,0,106.23,166.42,0,0,19156.11,8454.7,0,0
2023-08-07 21:17Z,0,106.23,166.42,0,0,19156.11,8454.7,0,0
2023-08-07 21:18Z,0,106.23,166.42,0,0,19156.11,8454.7,0,0
2023-08-07 21:19Z,0,106.23,166.42,0,0,19156.11,8454.7,0,0
2023-08-07 21:20Z,0,106.23,166.42,0,0,19156.11,8454.7,0,0
2023-08-07 21:21Z,0,106.23,166.42,0,0,19156.11,8454.7,0,0
2023-08-07 21:22Z,0,106.23,166.42,0,0,19156.11,8454.7,0,0
2023-08-07 21:23Z,0,106.23,166.42,0,0,19156.11,8454.7,0,0
2023-08-07 21:24Z,0,106.23,166.42,0,0,19156.11,8454.7,0,0
2023-08-07 21:25Z,0,106.23,166.42,0,0,19156.11,8454.7,0,0
2023-08-07 21:26Z,0,106.23,166.42,0,0,19156.11,8454.7,0,0
2023-08-07 21:27Z,0,106.23,166.42,0,0,19156.11,8454.7,0,0
2023-08-07 21:28Z,0,106.23,166.42,0,0,19156.11,8454.7,0,0
2023-08-07 21:29Z,0,106.23,166.42,0,0,19156.11,8454.7,0,0
2023-08-07 21:30Z,899,106.23,166.42,0,0,19156.11,8454.7,0,0
2023-08-07 21:31Z,0,106.23,166.42,0,0,19156.11,8454.7,0,0
2023-08-07 21:32Z,0,106.23,166.42,0,0,19156.11,8454.7,0,0
2023-08-07 21:33Z,0,106.23,166.42,0,0,19156.11,8454.7,0,0
2023-08-07 21:34Z,0,106.23,166.42,0,0,19156.11,8454.7,0,0
2023-08-07 21:35Z,0,106.23,166.42,0,0,19156.11,8454.7,0,0
2023-08-07 21:36Z,0,106.23,166.42,0,0,19156.11,8454.7,0,0
2023-08-07 21:37Z,0,106.23,166.42,0,0,19156.11,8454.7,0,0
2023-08-07 21:38Z,0,106.23,166.42,0,0,19156.11,8454.7,0,0
2023-08-07 21:39Z,0,106.23,166.42,0,0,19156.11,8454.7,0,0
2023-08-07 21:40Z,0,106.23,166.42,0,0,19156.11,8454.7,0,0
2023-08-07 21:40Z,0,106.23,166.42,0,0,19156.11,8454.7,0,0
2023-08-07 21:41Z,0,106.23,166.42,0,0,19156.11,8454.7,0,0
2023-08-07 21:42Z,0,106.23,166.42,0,0,19156.11,8454.7,0,0
2023-08-07 21:43Z,0,106.23,166.42,0,0,19156.11,8454.7,0,0
2023-08-07 21:44Z,0,106.23,166.42,0,0,19156.11,8454.7,0,0
2023-08-07 21:45Z,881,106.23,166.42,0,0,19156.11,8454.7,0,0
2023-08-07 21:46Z,0,106.23,166.42,0,0,19156.11,8454.7,0,0
2023-08-07 21:47Z,0,106.23,166.42,0,0,19156.11,8454.7,0,0
2023-08-07 21:48Z,0,106.23,166.42,0,0,19156.11,8454.7,0,0
2023-08-07 21:49Z,0,106.23,166.42,0,0,19156.11,8454.7,0,0
2023-08-07 21:50Z,0,106.23,166.42,0,0,19156.11,8454.7,0,0
2023-08-07 21:51Z,0,105.86,166.42,0.37,0,19156.11,8454.7,0,0
2023-08-07 21:52Z,0,105.5,166.42,0.36,0,19156.11,8454.7,0,0
2023-08-07 21:53Z,0,105.5,166.42,0,0,19156.11,8454.7,0,0
2023-08-07 21:54Z,0,105.5,166.42,0,0,19156.11,8454.7,0,0
2023-08-07 21:55Z,0,105.5,166.42,0,0,19156.11,8454.7,0,0
2023-08-07 21:56Z,0,105.5,166.42,0,0,19156.11,8454.7,0,0
2023-08-07 21:57Z,0,105.5,166.42,0,0,19156.11,8454.7,0,0
2023-08-07 21:58Z,0,105.5,166.42,0,0,19156.11,8454.7,0,0
2023-08-07 21:59Z,0,105.5,166.42,0,0,19156.11,8454.7,0,0
2023-08-07 22:00Z,892,105.5,166.42,-0.73,0,19156.11,8454.7,0,0
2023-08-07 22:01Z,0,105.5,166.42,0,0,19156.11,8454.7,0,0
2023-08-07 22:02Z,0,105.5,166.42,0,0,19156.11,8454.7,0,0
2023-08-07 22:03Z,0,105.14,166.42,0.36,0,19156.11,8454.7,0,0
2023-08-07 22:04Z,0,104.77,166.42,0.37,0,19156.11,8454.7,0,0
2023-08-07 22:05Z,0,104.77,166.42,0,0,19156.11,8454.7,0,0
2023-08-07 22:06Z,0,104.77,166.42,0,0,19156.11,8454.7,0,0
2023-08-07 22:07Z,0,104.77,166.42,0,0,19156.11,8454.7,0,0
2023-08-07 22:08Z,0,104.77,166.42,0,0,19156.11,8454.7,0,0
2023-08-07 22:09Z,0,104.77,166.42,0,0,19156.11,8454.7,0,0
2023-08-07 22:10Z,0,104.77,166.42,0,0,19156.11,8454.7,0,0
2023-08-07 22:11Z,0,104.41,166.42,0.36,0,19156.11,8454.7,0,0
2023-08-07 22:12Z,0,104.41,166.42,0,0,19156.11,8454.7,0,0
2023-08-07 22:13Z,0,104.05,166.42,0.36,0,19156.11,8454.7,0,0
2023-08-07 22:14Z,0,104.05,166.42,0,0,19156.11,8454.7,0,0
2023-08-07 22:15Z,962,104.05,166.42,-1.45,0,19156.11,8454.7,0,0
2023-08-07 22:16Z,0,103.69,166.42,0.36,0,19156.11,8454.7,0,0
2023-08-07 22:17Z,0,103.69,166.42,0,0,19156.11,8454.7,0,0
2023-08-07 22:18Z,0,103.69,166.42,0,0,19156.11,8454.7,0,0
2023-08-07 22:19Z,0,103.69,166.42,0,0,19156.11,8454.7,0,0
2023-08-07 22:20Z,0,103.69,166.42,0,0,19156.11,8454.7,0,0
2023-08-07 22:21Z,0,103.69,166.42,0,0,19156.11,8454.7,0,0
2023-08-07 22:22Z,0,103.69,166.42,0,0,19156.11,8454.7,0,0
2023-08-07 22:23Z,0,103.69,166.42,0,0,19156.11,8454.7,0,0
2023-08-07 22:24Z,0,103.69,166.42,0,0,19156.11,8454.7,0,0
2023-08-07 22:25Z,0,103.32,166.42,0.37,0,19156.11,8454.7,0,0
2023-08-07 22:26Z,0,103.32,166.42,0,0,19156.11,8454.7,0,0
2023-08-07 22:27Z,0,103.32,166.42,0,0,19156.11,8454.7,0,0
2023-08-07 22:28Z,0,102.96,166.42,0.36,0,19156.11,8454.7,0,0
2023-08-07 22:29Z,0,102.96,166.42,0,0,19156.11,8454.7,0,0
2023-08-07 22:30Z,895,102.96,166.42,-1.09,0,19156.11,8454.7,0,0
2023-08-07 22:31Z,0,102.96,166.42,0,0,19156.11,8454.7,0,0
2023-08-07 22:32Z,0,102.96,166.42,0,0,19156.11,8454.7,0,0
2023-08-07 22:33Z,0,102.96,166.42,0,0,19156.11,8454.7,0,0
2023-08-07 22:34Z,0,102.96,166.42,0,0,19156.11,8454.7,0,0
2023-08-07 22:35Z,0,102.6,166.42,0.36,0,19156.11,8454.7,0,0
2023-08-07 22:36Z,0,102.23,166.42,0.37,0,19156.11,8454.7,0,0
2023-08-07 22:37Z,0,102.23,166.42,0,0,19156.11,8454.7,0,0
2023-08-07 22:38Z,0,102.23,166.42,0,0,19156.11,8454.7,0,0
2023-08-07 22:39Z,0,102.23,166.42,0,0,19156.11,8454.7,0,0
2023-08-07 22:40Z,0,102.23,166.42,0,0,19156.11,8454.7,0,0
2023-08-07 22:41Z,0,102.23,166.42,0,0,19156.11,8454.7,0,0
2023-08-07 22:42Z,0,102.23,166.42,0,0,19156.11,8454.7,0,0
2023-08-07 22:43Z,0,102.23,166.42,0,0,19156.11,8454.7,0,0
2023-08-07 22:44Z,0,102.23,166.42,0,0,19156.11,8454.7,0,0
2023-08-07 22:45Z,875,101.87,166.42,-1.09,0,19156.11,8454.7,0,0
2023-08-07 22:46Z,0,101.87,166.42,0.36,0,19156.11,8454.7,0,0
2023-08-07 22:47Z,0,101.51,166.42,0.36,0,19156.11,8454.7,0,0
2023-08-07 22:48Z,0,101.15,166.42,0.36,0,19156.11,8454.7,0,0
2023-08-07 22:49Z,0,100.78,166.42,0.37,0,19156.11,8454.7,0,0
2023-08-07 22:50Z,0,100.42,166.42,0.36,0,19156.11,8454.7,0,0
2023-08-07 22:51Z,0,100.42,166.42,0,0,19156.11,8454.7,0,0
2023-08-07 22:52Z,0,100.42,166.42,0,0,19156.11,8454.7,0,0
2023-08-07 22:53Z,0,100.42,166.42,0,0,19156.11,8454.7,0,0
2023-08-07 22:54Z,0,100.42,166.42,0,0,19156.11,8454.7,0,0
2023-08-07 22:55Z,0,100.42,166.42,0,0,19156.11,8454.7,0,0
2023-08-07 22:56Z,0,100.42,166.42,0,0,19156.11,8454.7,0,0
2023-08-07 22:57Z,0,100.42,166.42,0,0,19156.11,8454.7,0,0
2023-08-07 22:58Z,0,100.42,166.42,0,0,19156.11,8454.7,0,0
2023-08-07 22:59Z,0,100.42,166.42,0,0,19156.11,8454.7,0,0
2023-08-07 23:00Z,888,100.42,166.42,-1.45,0,19156.11,8454.7,0,0
2023-08-07 23:01Z,0,100.42,166.42,0,0,19156.11,8454.7,0,0
2023-08-07 23:02Z,0,100.42,166.42,0,0,19156.11,8454.7,0,0
2023-08-07 23:03Z,0,100.42,166.42,0,0,19156.11,8454.7,0,0
2023-08-07 23:04Z,0,100.42,166.42,0,0,19156.11,8454.7,0,0
2023-08-07 23:05Z,0,100.42,166.42,0,0,19156.11,8454.7,0,0
2023-08-07 23:06Z,0,100.06,166.42,0.36,0,19156.11,8454.7,0,0
2023-08-07 23:07Z,0,99.69,166.42,0.37,0,19156.11,8454.7,0,0
2023-08-07 23:08Z,0,99.69,166.42,0,0,19156.11,8454.7,0,0
2023-08-07 23:09Z,0,99.33,166.42,0.36,0,19156.11,8454.7,0,0
2023-08-07 23:10Z,0,99.33,166.42,0,0,19156.11,8454.7,0,0
2023-08-07 23:11Z,0,99.33,166.42,0,0,19156.11,8454.7,0,0
2023-08-07 23:12Z,0,99.33,166.42,0,0,19156.11,8454.7,0,0
2023-08-07 23:13Z,0,99.33,166.42,0,0,19156.11,8454.7,0,0
2023-08-07 23:14Z,0,98.6,166.42,0.73,0,19156.11,8454.7,0,0
2023-08-07 23:15Z,873,98.6,166.42,-1.82,0,19156.11,8454.7,0,0
2023-08-07 23:16Z,0,98.6,166.42,0,0,19156.11,8454.7,0,0
2023-08-07 23:17Z,0,98.6,166.42,0,0,19156.11,8454.7,0,0
2023-08-07 23:18Z,0,98.6,166.42,0,0,19156.11,8454.7,0,0
2023-08-07 23:19Z,0,98.6,166.42,0,0,19156.11,8454.7,0,0
2023-08-07 23:20Z,0,98.6,166.42,0,0,19156.11,8454.7,0,0
2023-08-07 23:21Z,0,98.6,166.42,0,0,19156.11,8454.7,0,0
2023-08-07 23:22Z,0,98.6,166.42,0,0,19156.11,8454.7,0,0
2023-08-07 23:23Z,0,98.6,166.42,0,0,19156.11,8454.7,0,0
2023-08-07 23:24Z,0,98.6,166.42,0,0,19156.11,8454.7,0,0
2023-08-07 23:25Z,0,98.6,166.42,0,0,19156.11,8454.7,0,0
2023-08-07 23:26Z,0,98.6,166.42,0,0,19156.11,8454.7,0,0
2023-08-07 23:27Z,0,98.24,166.42,0.36,0,19156.11,8454.7,0,0
2023-08-07 23:28Z,0,97.88,166.42,0.36,0,19156.11,8454.7,0,0
2023-08-07 23:29Z,0,97.88,166.42,0,0,19156.11,8454.7,0,0
2023-08-07 23:30Z,924,97.88,166.42,-0.72,0,19156.11,8454.7,0,0
2023-08-07 23:31Z,0,97.88,166.42,0,0,19156.11,8454.7,0,0
2023-08-07 23:32Z,0,97.88,166.42,0,0,19156.11,8454.7,0,0
2023-08-07 23:33Z,0,97.88,166.42,0,0,19156.11,8454.7,0,0
2023-08-07 23:34Z,0,97.52,166.42,0.36,0,19156.11,8454.7,0,0
2023-08-07 23:35Z,0,97.52,166.42,0,0,19156.11,8454.7,0,0
2023-08-07 23:36Z,0,97.52,166.42,0,0,19156.11,8454.7,0,0
2023-08-07 23:37Z,0,97.15,166.42,0.37,0,19156.11,8454.7,0,0
2023-08-07 23:38Z,0,97.15,166.42,0,0,19156.11,8454.7,0,0
2023-08-07 23:39Z,0,96.79,166.42,0.36,0,19156.11,8454.7,0,0
2023-08-07 23:40Z,0,96.79,166.42,0,0,19156.11,8454.7,0,0
2023-08-07 23:41Z,0,96.79,166.42,0,0,19156.11,8454.7,0,0
2023-08-07 23:42Z,0,96.79,166.42,0,0,19156.11,8454.7,0,0
2023-08-07 23:43Z,0,96.79,166.42,0,0,19156.11,8454.7,0,0
2023-08-07 23:44Z,0,96.79,166.42,0,0,19156.11,8454.7,0,0
2023-08-07 23:45Z,896,96.43,166.42,-1.45,0,19156.11,8454.7,0,0
2023-08-07 23:46Z,0,96.43,166.42,0.36,0,19156.11,8454.7,0,0
2023-08-07 23:47Z,0,96.43,166.42,0,0,19156.11,8454.7,0,0
2023-08-07 23:48Z,0,96.43,166.42,0,0,19156.11,8454.7,0,0
2023-08-07 23:49Z,0,96.43,166.42,0,0,19156.11,8454.7,0,0
2023-08-07 23:50Z,0,96.43,166.42,0,0,19156.11,8454.7,0,0
2023-08-07 23:51Z,0,96.06,166.42,0.37,0,19156.11,8454.7,0,0
2023-08-07 23:52Z,0,96.06,166.42,0,0,19156.11,8454.7,0,0
2023-08-07 23:53Z,0,96.06,166.42,0,0,19156.11,8454.7,0,0
2023-08-07 23:54Z,0,96.06,166.42,0,0,19156.11,8454.7,0,0
2023-08-07 23:55Z,0,96.06,166.42,0,0,19156.11,8454.7,0,0
2023-08-07 23:56Z,0,96.06,166.42,0,0,19156.11,8454.7,0,0
2023-08-07 23:57Z,0,96.06,166.42,0,0,19156.11,8454.7,0,0
2023-08-07 23:58Z,0,95.7,166.42,0.36,0,19156.11,8454.7,0,0
2023-08-07 23:59Z,0,95.7,166.42,0,0,19156.11,8454.7,0,0
