2023-09-02 12:32,2023-09-02 12:33,1693654320,42.96,10.0,0.0,0.0,0.0,0.0,0.0,0.0
2023-09-02 12:33,2023-09-02 12:34,1693654380,42.62,10.0,0.3400000000000034,0.0,0.02,0.0,-0.02,0.0
2023-09-02 12:34,2023-09-02 12:35,1693654440,42.62,10.0,0.0,0.0,0.03,0.0,-0.03,0.0
2023-09-02 12:35,2023-09-02 12:36,1693654500,42.62,10.0,0.0,0.0,0.05,0.0,-0.05,0.0
2023-09-02 12:36,2023-09-02 12:37,1693654560,42.62,10.0,0.0,0.0,0.07,0.0,-0.07,0.0
2023-09-02 12:37,2023-09-02 12:38,1693654620,9.0,10.0,33.62,0.0,0.08,0.0,-0.08,0.0
2023-09-02 12:38,2023-09-02 12:39,1693654680,9.0,10.0,0.0,0.0,0.1,0.0,-0.1,0.0
2023-09-02 12:39,2023-09-02 12:40,1693654740,9.0,10.0,0.0,0.0,0.12,0.0,-0.12,0.0
2023-09-02 12:40,2023-09-02 12:41,1693654800,9.0,10.0,0.0,0.0,0.13,0.0,-0.13,0.0
2023-09-02 12:41,2023-09-02 12:42,1693654860,9.0,10.0,0.0,0.0,0.15,0.0,-0.15,0.0
2023-09-02 12:42,2023-09-02 12:43,1693654920,9.0,10.0,0.0,0.0,0.17,0.0,-0.17,0.0
2023-09-02 12:43,2023-09-02 12:44,1693654980,9.0,10.0,0.0,0.0,0.18,0.0,-0.18,0.0
2023-09-02 12:44,2023-09-02 12:45,1693655040,9.0,10.0,0.0,0.0,0.2,0.0,-0.2,0.0
2023-09-02 12:45,2023-09-02 12:46,1693655100,9.0,10.0,0.0,0.0,0.22,0.0,-0.22,0.0
2023-09-02 12:46,2023-09-02 12:47,1693655160,9.0,10.0,0.0,0.0,0.23,0.0,-0.23,0.0
2023-09-02 12:47,2023-09-02 12:48,1693655220,9.0,10.0,0.0,0.0,0.25,0.0,-0.25,0.0
2023-09-02 12:48,2023-09-02 12:49,1693655280,9.0,10.0,0.0,0.0,0.27,0.0,-0.27,0.0
2023-09-02 12:49,2023-09-02 12:50,1693655340,9.0,10.0,0.0,0.0,0.28,0.0,-0.28,0.0
2023-09-02 12:50,2023-09-02 12:51,1693655400,9.0,10.0,0.0,0.0,0.3,0.0,-0.3,0.0
2023-09-02 12:51,2023-09-02 12:52,1693655460,9.0,10.0,0.0,0.0,0.32,0.0,-0.32,0.0
2023-09-02 12:52,2023-09-02 12:53,1693655520,9.0,10.0,0.0,0.0,0.33,0.0,-0.33,0.0
2023-09-02 12:53,2023-09-02 12:54,1693655580,9.0,10.0,0.0,0.0,0.35,0.0,-0.35,0.0
2023-09-02 12:54,2023-09-02 12:55,1693655640,9.0,10.0,0.0,0.0,0.37,0.0,-0.37,0.0
2023-09-02 12:55,2023-09-02 12:56,1693655700,9.0,10.0,0.0,0.0,0.38,0.0,-0.38,0.0
2023-09-02 12:56,2023-09-02 12:57,1693655760,9.0,10.0,0.0,0.0,0.4,0.0,-0.4,0.0
2023-09-02 12:57,2023-09-02 12:58,1693655820,9.0,10.0,0.0,0.0,0.42,0.0,-0.42,0.0
2023-09-02 12:58,2023-09-02 12:59,1693655880,9.0,10.0,0.0,0.0,0.43,0.0,-0.43,0.0
2023-09-02 12:59,2023-09-02 13:00,1693655940,9.0,10.0,0.0,0.0,0.45,0.0,-0.45,0.0
2023-09-02 13:00,2023-09-02 13:01,1693656000,9.0,10.0,0.0,0.0,0.47,0.0,-0.47,0.0
2023-09-02 13:01,2023-09-02 13:02,1693656060,9.0,10.0,0.0,0.0,0.48,0.0,-0.48,0.0
2023-09-02 13:02,2023-09-02 13:03,1693656120,9.0,10.0,0.0,0.0,0.5,0.0,-0.5,0.0
2023-09-02 13:03,2023-09-02 13:04,1693656180,9.0,10.0,0.0,0.0,0.52,0.0,-0.52,0.0
2023-09-02 13:04,2023-09-02 13:05,1693656240,9.0,10.0,0.0,0.0,0.53,0.0,-0.53,0.0
2023-09-02 13:05,2023-09-02 13:06,1693656300,9.0,10.0,0.0,0.0,0.55,0.0,-0.55,0.0
2023-09-02 13:06,2023-09-02 13:07,1693656360,9.0,10.0,0.0,0.0,0.57,0.0,-0.57,0.0
2023-09-02 13:07,2023-09-02 13:08,1693656420,9.0,10.0,0.0,0.0,0.58,0.0,-0.58,0.0
2023-09-02 13:08,2023-09-02 13:09,1693656480,9.0,10.0,0.0,0.0,0.6,0.0,-0.6,0.0
2023-09-02 13:09,2023-09-02 13:10,1693656540,9.0,10.0,0.0,0.0,0.62,0.0,-0.62,0.0
2023-09-02 13:10,2023-09-02 13:11,1693656600,9.0,10.0,0.0,0.0,0.63,0.0,-0.63,0.0
2023-09-02 13:11,2023-09-02 13:12,1693656660,9.0,10.0,0.0,0.0,0.65,0.0,-0.65,0.0
2023-09-02 13:12,2023-09-02 13:13,1693656720,9.0,10.0,0.0,0.0,0.67,0.0,-0.67,0.0
2023-09-02 13:13,2023-09-02 13:14,1693656780,9.0,10.0,0.0,0.0,0.68,0.0,-0.68,0.0
2023-09-02 13:14,2023-09-02 13:15,1693656840,38.5,10.0,0.0,0.0,0.7,0.0,-0.7,0.0
2023-09-02 13:15,2023-09-02 13:16,1693656900,38.85,10.0,0.0,0.0,0.72,0.0,-0.72,0.0
2023-09-02 13:16,2023-09-02 13:17,1693656960,38.5,10.0,0.3500000000000014,0.0,0.73,0.0,-0.73,0.0
2023-09-02 13:17,2023-09-02 13:18,1693657020,38.85,10.0,0.0,0.0,0.75,0.0,-0.75,0.0
2023-09-02 13:18,2023-09-02 13:19,1693657080,38.16,10.0,0.6900000000000048,0.0,0.77,0.0,-0.77,0.0
2023-09-02 13:19,2023-09-02 13:20,1693657140,38.5,10.0,0.0,0.0,0.78,0.0,-0.78,0.0
2023-09-02 13:20,2023-09-02 13:21,1693657200,38.16,10.0,0.3400000000000034,0.0,0.8,0.0,-0.8,0.0
2023-09-02 13:21,2023-09-02 13:22,1693657260,38.16,10.0,0.0,0.0,0.82,0.0,-0.82,0.0
2023-09-02 13:22,2023-09-02 13:23,1693657320,38.5,10.0,0.0,0.0,0.83,0.0,-0.83,0.0
2023-09-02 13:23,2023-09-02 13:24,1693657380,38.16,10.0,0.3400000000000034,0.0,0.85,0.0,-0.85,0.0
2023-09-02 13:24,2023-09-02 13:25,1693657440,38.16,10.0,0.0,0.0,0.87,0.0,-0.87,0.0
2023-09-02 13:25,2023-09-02 13:26,1693657500,38.16,10.0,0.0,0.0,0.88,0.0,-0.88,0.0
2023-09-02 13:26,2023-09-02 13:27,1693657560,38.16,10.0,0.0,0.0,0.9,0.0,-0.9,0.0
2023-09-02 13:27,2023-09-02 13:28,1693657620,38.16,10.0,0.0,0.0,0.92,0.0,-0.92,0.0
2023-09-02 13:28,2023-09-02 13:29,1693657680,37.82,10.0,0.3399999999999963,0.0,0.93,0.0,-0.93,0.0
2023-09-02 13:29,2023-09-02 13:30,1693657740,37.82,10.0,0.0,0.0,0.95,0.0,-0.95,0.0
2023-09-02 13:30,2023-09-02 13:31,1693657800,37.82,10.0,0.0,0.0,0.97,0.0,-0.97,0.0
2023-09-02 13:31,2023-09-02 13:32,1693657860,38.16,10.0,0.0,0.0,0.98,0.0,-0.98,0.0
2023-09-02 13:32,2023-09-02 13:33,1693657920,37.82,10.0,0.3399999999999963,0.0,1.0,0.0,-1.0,0.0
2023-09-02 13:33,2023-09-02 13:34,1693657980,38.16,10.0,0.0,0.0,1.02,0.0,-1.02,0.0
2023-09-02 13:34,2023-09-02 13:35,1693658040,37.82,10.0,0.3399999999999963,0.0,1.03,0.0,-1.03,0.0
2023-09-02 13:35,2023-09-02 13:36,1693658100,37.82,10.0,0.0,0.0,1.05,0.0,-1.05,0.0
2023-09-02 13:36,2023-09-02 13:37,1693658160,37.82,10.0,0.0,0.0,1.07,0.0,-1.07,0.0
2023-09-02 13:37,2023-09-02 13:38,1693658220,37.82,10.0,0.0,0.0,1.08,0.0,-1.08,0.0
2023-09-02 13:38,2023-09-02 13:39,1693658280,37.82,10.0,0.0,0.0,1.1,0.0,-1.1,0.0
2023-09-02 13:39,2023-09-02 13:40,1693658340,37.47,10.0,0.3500000000000014,0.0,1.12,0.0,-1.12,0.0
2023-09-02 13:40,2023-09-02 13:41,1693658400,37.82,10.0,0.0,0.0,1.13,0.0,-1.13,0.0
2023-09-02 13:41,2023-09-02 13:42,1693658460,37.47,10.0,0.3500000000000014,0.0,1.15,0.0,-1.15,0.0
2023-09-02 13:42,2023-09-02 13:43,1693658520,37.47,10.0,0.0,0.0,1.17,0.0,-1.17,0.0
2023-09-02 13:43,2023-09-02 13:44,1693658580,37.82,10.0,0.0,0.0,1.18,0.0,-1.18,0.0
2023-09-02 13:44,2023-09-02 13:45,1693658640,37.47,10.0,0.3500000000000014,0.0,1.2,0.0,-1.2,0.0
2023-09-02 13:45,2023-09-02 13:46,1693658700,37.47,10.0,0.0,0.0,1.22,0.0,-1.22,0.0
2023-09-02 13:46,2023-09-02 13:47,1693658760,37.47,10.0,0.0,0.0,1.23,0.0,-1.23,0.0
2023-09-02 13:47,2023-09-02 13:48,1693658820,37.47,10.0,0.0,0.0,1.25,0.0,-1.25,0.0
2023-09-02 13:48,2023-09-02 13:49,1693658880,37.13,10.0,0.3399999999999963,0.0,1.27,0.0,-1.27,0.0
2023-09-02 13:49,2023-09-02 13:50,1693658940,37.13,10.0,0.0,0.0,1.28,0.0,-1.28,0.0
2023-09-02 13:50,2023-09-02 13:51,1693659000,37.47,10.0,0.0,0.0,1.3,0.0,-1.3,0.0
2023-09-02 13:51,2023-09-02 13:52,1693659060,37.13,10.0,0.3399999999999963,0.0,1.32,0.0,-1.32,0.0
2023-09-02 13:52,2023-09-02 13:53,1693659120,37.47,10.0,0.0,0.0,1.33,0.0,-1.33,0.0
2023-09-02 13:53,2023-09-02 13:54,1693659180,37.13,10.0,0.3399999999999963,0.0,1.35,0.0,-1.35,0.0
2023-09-02 13:54,2023-09-02 13:55,1693659240,37.13,10.0,0.0,0.0,1.36,0.0,-1.36,0.0
2023-09-02 13:55,2023-09-02 13:56,1693659300,37.13,10.0,0.0,0.0,1.38,0.0,-1.38,0.0
2023-09-02 13:56,2023-09-02 13:57,1693659360,37.47,10.0,0.0,0.0,1.4,0.0,-1.4,0.0
2023-09-02 13:57,2023-09-02 13:58,1693659420,37.47,10.0,0.0,0.0,1.42,0.0,-1.42,0.0
2023-09-02 13:58,2023-09-02 13:59,1693659480,37.13,10.0,0.3399999999999963,0.0,1.43,0.0,-1.43,0.0
2023-09-02 13:59,2023-09-02 14:00,1693659540,37.13,45.81,0.0,0.0,1.45,0.0,-1.45,0.0
2023-09-02 14:00,2023-09-02 14:01,1693659600,37.13,45.81,0.0,0.0,1.46,0.0,-1.46,0.0
2023-09-02 14:01,2023-09-02 14:02,1693659660,37.13,45.81,0.0,0.0,1.48,0.0,-1.48,0.0
2023-09-02 14:02,2023-09-02 14:03,1693659720,36.79,45.81,0.3400000000000034,0.0,1.5,0.0,-1.5,0.0
2023-09-02 14:03,2023-09-02 14:04,1693659780,36.79,45.81,0.0,0.0,1.52,0.0,-1.52,0.0
2023-09-02 14:04,2023-09-02 14:05,1693659840,37.13,45.81,0.0,0.0,1.53,0.0,-1.53,0.0
2023-09-02 14:05,2023-09-02 14:06,1693659900,37.13,45.81,0.0,0.0,1.55,0.0,-1.55,0.0
2023-09-02 14:06,2023-09-02 14:07,1693659960,36.45,45.81,0.6799999999999997,0.0,1.56,0.0,-1.56,0.0
2023-09-02 14:07,2023-09-02 14:08,1693660020,36.79,45.81,0.0,0.0,1.58,0.0,-1.58,0.0
2023-09-02 14:08,2023-09-02 14:09,1693660080,37.13,45.81,0.0,0.0,1.6,0.0,-1.6,0.0
2023-09-02 14:09,2023-09-02 14:10,1693660140,36.79,45.81,0.3400000000000034,0.0,1.62,0.0,-1.62,0.0
2023-09-02 14:10,2023-09-02 14:11,1693660200,36.79,45.81,0.0,0.0,1.63,0.0,-1.63,0.0
2023-09-02 14:11,2023-09-02 14:12,1693660260,36.79,45.81,0.0,0.0,1.65,0.0,-1.65,0.0
2023-09-02 14:12,2023-09-02 14:13,1693660320,36.79,45.81,0.0,0.0,1.66,0.0,-1.66,0.0
2023-09-02 14:13,2023-09-02 14:14,1693660380,36.79,45.81,0.0,0.0,1.68,0.0,-1.68,0.0
2023-09-02 14:14,2023-09-02 14:15,1693660440,36.79,45.81,0.0,0.0,1.7,0.0,-1.7,0.0
2023-09-02 14:15,2023-09-02 14:16,1693660500,36.79,45.81,0.0,0.0,1.72,0.0,-1.72,0.0
2023-09-02 14:16,2023-09-02 14:17,1693660560,36.45,45.81,0.3399999999999963,0.0,1.73,0.0,-1.73,0.0
2023-09-02 14:17,2023-09-02 14:18,1693660620,36.79,45.81,0.0,0.0,1.75,0.0,-1.75,0.0
2023-09-02 14:18,2023-09-02 14:19,1693660680,36.79,45.81,0.0,0.0,1.77,0.0,-1.77,0.0
2023-09-02 14:19,2023-09-02 14:20,1693660740,36.45,45.81,0.3399999999999963,0.0,1.78,0.0,-1.78,0.0
2023-09-02 14:20,2023-09-02 14:21,1693660800,36.45,45.81,0.0,0.0,1.8,0.0,-1.8,0.0
2023-09-02 14:21,2023-09-02 14:22,1693660860,36.45,45.81,0.0,0.0,1.82,0.0,-1.82,0.0
2023-09-02 14:22,2023-09-02 14:23,1693660920,36.45,45.81,0.0,0.0,1.83,8974.5,-1.83,-8974.5
2023-09-02 14:23,2023-09-02 14:24,1693660980,36.79,45.81,0.0,0.0,1.85,8974.5,-1.85,-8974.5
2023-09-02 14:24,2023-09-02 14:25,1693661040,36.45,45.81,0.3399999999999963,0.0,1.87,8974.5,-1.87,-8974.5
2023-09-02 14:25,2023-09-02 14:26,1693661100,36.79,45.81,0.0,0.0,1.88,8974.5,-1.88,-8974.5
2023-09-02 14:26,2023-09-02 14:27,1693661160,36.79,45.81,0.0,0.0,1.9,8974.5,-1.9,-8974.5
2023-09-02 14:27,2023-09-02 14:28,1693661220,38.16,45.81,0.0,0.0,1.92,8974.5,-1.92,-8974.5
2023-09-02 14:28,2023-09-02 14:29,1693661280,36.79,45.81,1.3699999999999974,0.0,1.93,8974.5,-1.93,-8974.5
2023-09-02 14:29,2023-09-02 14:30,1693661340,36.45,45.81,0.3399999999999963,0.0,1.95,8974.5,-1.95,-8974.5
2023-09-02 14:30,2023-09-02 14:31,1693661400,36.45,45.81,0.0,0.0,1.97,8974.5,-1.97,-8974.5
2023-09-02 14:31,2023-09-02 14:32,1693661460,36.45,45.81,0.0,0.0,1.98,8974.5,-1.98,-8974.5
2023-09-02 14:32,2023-09-02 14:33,1693661520,36.45,45.81,0.0,0.0,2.0,8974.5,-2.0,-8974.5
2023-09-02 14:33,2023-09-02 14:34,1693661580,36.1,45.81,0.3500000000000014,0.0,2.02,8974.5,-2.02,-8974.5
2023-09-02 14:34,2023-09-02 14:35,1693661640,36.45,45.81,0.0,0.0,2.03,8974.5,-2.03,-8974.5
2023-09-02 14:35,2023-09-02 14:36,1693661700,36.1,45.81,0.3500000000000014,0.0,2.05,8974.5,-2.05,-8974.5
2023-09-02 14:36,2023-09-02 14:37,1693661760,36.1,45.81,0.0,0.0,2.07,8974.5,-2.07,-8974.5
2023-09-02 14:37,2023-09-02 14:38,1693661820,36.1,45.81,0.0,0.0,2.08,8974.5,-2.08,-8974.5
2023-09-02 14:38,2023-09-02 14:39,1693661880,36.45,45.81,0.0,0.0,2.1,8974.5,-2.1,-8974.5
2023-09-02 14:39,2023-09-02 14:40,1693661940,36.1,45.81,0.3500000000000014,0.0,2.12,8974.5,-2.12,-8974.5
2023-09-02 14:40,2023-09-02 14:41,1693662000,36.1,45.81,0.0,0.0,2.13,8974.5,-2.13,-8974.5
2023-09-02 14:41,2023-09-02 14:42,1693662060,36.1,45.81,0.0,0.0,2.15,8974.5,-2.15,-8974.5
2023-09-02 14:42,2023-09-02 14:43,1693662120,35.76,45.81,0.3400000000000034,0.0,2.17,8974.5,-2.17,-8974.5
2023-09-02 14:43,2023-09-02 14:44,1693662180,35.76,45.81,0.0,0.0,2.18,8974.5,-2.18,-8974.5
2023-09-02 14:44,2023-09-02 14:45,1693662240,36.1,45.81,0.0,0.0,2.2,8974.5,-2.2,-8974.5
2023-09-02 14:45,2023-09-02 14:46,1693662300,36.1,45.81,0.0,0.0,2.22,8974.5,-2.22,-8974.5
2023-09-02 14:46,2023-09-02 14:47,1693662360,35.76,45.81,0.3400000000000034,0.0,2.23,8974.5,-2.23,-8974.5
2023-09-02 14:47,2023-09-02 14:48,1693662420,36.1,45.81,0.0,0.0,2.25,8974.5,-2.25,-8974.5
2023-09-02 14:48,2023-09-02 14:49,1693662480,35.76,45.81,0.3400000000000034,0.0,2.27,8974.5,-2.27,-8974.5
2023-09-02 14:49,2023-09-02 14:50,1693662540,36.1,45.81,0.0,0.0,2.28,8974.5,-2.28,-8974.5
2023-09-02 14:50,2023-09-02 14:51,1693662600,35.76,45.81,0.3400000000000034,0.0,2.3,8974.5,-2.3,-8974.5
2023-09-02 14:51,2023-09-02 14:52,1693662660,35.76,45.81,0.0,0.0,2.32,8974.5,-2.32,-8974.5
2023-09-02 14:52,2023-09-02 14:53,1693662720,153.91,191.64,0.0,0.0,2.33,8974.5,-2.33,-8974.5
2023-09-02 14:53,2023-09-02 14:54,1693662780,155.34,191.64,0.0,0.0,2.35,8974.5,-2.35,-8974.5
2023-09-02 14:54,2023-09-02 14:55,1693662840,155.34,190.14,0.0,1.5,2.37,8974.5,-2.37,-8974.5
2023-09-02 14:55,2023-09-02 14:56,1693662900,153.91,190.14,1.4300000000000068,0.0,2.38,8974.5,-2.38,-8974.5
2023-09-02 14:56,2023-09-02 14:57,1693662960,155.34,190.14,0.0,0.0,2.4,8974.5,-2.4,-8974.5
2023-09-02 14:57,2023-09-02 14:58,1693663020,155.34,191.64,0.0,0.0,2.42,8974.5,-2.42,-8974.5
2023-09-02 14:58,2023-09-02 14:59,1693663080,155.34,191.64,0.0,0.0,2.43,8974.5,-2.43,-8974.5
2023-09-02 14:59,2023-09-02 15:00,1693663140,153.91,191.64,1.4300000000000068,0.0,2.45,8974.5,-2.45,-8974.5
2023-09-02 15:00,2023-09-02 15:01,1693663200,155.34,191.64,0.0,0.0,2.47,8974.5,-2.47,-8974.5
2023-09-02 15:01,2023-09-02 15:02,1693663260,155.34,191.64,0.0,0.0,2.48,8974.5,-2.48,-8974.5
2023-09-02 15:02,2023-09-02 15:03,1693663320,155.34,191.64,0.0,0.0,2.5,8974.5,-2.5,-8974.5
2023-09-02 15:03,2023-09-02 15:04,1693663380,153.91,191.64,1.4300000000000068,0.0,2.52,8974.5,-2.52,-8974.5
2023-09-02 15:04,2023-09-02 15:05,1693663440,153.91,190.14,0.0,1.5,2.53,8974.5,-2.53,-8974.5
2023-09-02 15:05,2023-09-02 15:06,1693663500,153.91,191.64,0.0,0.0,2.55,8974.5,-2.55,-8974.5
2023-09-02 15:06,2023-09-02 15:07,1693663560,152.48,191.64,1.4300000000000068,0.0,2.57,8974.5,-2.57,-8974.5
2023-09-02 15:07,2023-09-02 15:08,1693663620,153.91,191.64,0.0,0.0,2.58,8974.5,-2.58,-8974.5
2023-09-02 15:08,2023-09-02 15:09,1693663680,153.91,191.64,0.0,0.0,2.6,8974.5,-2.6,-8974.5
2023-09-02 15:09,2023-09-02 15:10,1693663740,153.91,191.64,0.0,0.0,2.62,8974.5,-2.62,-8974.5
2023-09-02 15:10,2023-09-02 15:11,1693663800,152.48,191.64,1.4300000000000068,0.0,2.63,8974.5,-2.63,-8974.5
2023-09-02 15:11,2023-09-02 15:12,1693663860,153.91,191.64,0.0,0.0,2.65,8974.5,-2.65,-8974.5
2023-09-02 15:12,2023-09-02 15:13,1693663920,152.48,191.64,1.4300000000000068,0.0,2.67,8974.5,-2.67,-8974.5
2023-09-02 15:13,2023-09-02 15:14,1693663980,152.48,191.64,0.0,0.0,2.68,8974.5,-2.68,-8974.5
2023-09-02 15:14,2023-09-02 15:15,1693664040,152.48,191.64,0.0,0.0,2.7,8974.5,-2.7,-8974.5
2023-09-02 15:15,2023-09-02 15:16,1693664100,152.48,191.64,0.0,0.0,2.72,8974.5,-2.72,-8974.5
2023-09-02 15:16,2023-09-02 15:17,1693664160,152.48,191.64,0.0,0.0,2.73,8974.5,-2.73,-8974.5
2023-09-02 15:17,2023-09-02 15:18,1693664220,152.48,191.64,0.0,0.0,2.75,8974.5,-2.75,-8974.5
2023-09-02 15:18,2023-09-02 15:19,1693664280,151.06,191.64,1.4199999999999875,0.0,2.77,8974.5,-2.77,-8974.5
2023-09-02 15:19,2023-09-02 15:20,1693664340,151.06,191.64,0.0,0.0,2.78,8974.5,-2.78,-8974.5
2023-09-02 15:20,2023-09-02 15:21,1693664400,151.06,191.64,0.0,0.0,2.8,8974.5,-2.8,-8974.5
2023-09-02 15:21,2023-09-02 15:22,1693664460,151.06,191.64,0.0,0.0,2.82,8974.5,-2.82,-8974.5
2023-09-02 15:22,2023-09-02 15:23,1693664520,151.06,191.64,0.0,0.0,2.83,8974.5,-2.83,-8974.5
2023-09-02 15:23,2023-09-02 15:24,1693664580,151.06,191.64,0.0,0.0,2.85,8974.5,-2.85,-8974.5
2023-09-02 15:24,2023-09-02 15:25,1693664640,151.06,191.64,0.0,0.0,2.87,8974.5,-2.87,-8974.5
2023-09-02 15:25,2023-09-02 15:26,1693664700,149.63,191.64,1.4300000000000068,0.0,2.88,8974.5,-2.88,-8974.5
2023-09-02 15:26,2023-09-02 15:27,1693664760,151.06,191.64,0.0,0.0,2.9,8974.5,-2.9,-8974.5
2023-09-02 15:27,2023-09-02 15:28,1693664820,152.48,191.64,0.0,0.0,2.92,8974.5,-2.92,-8974.5
2023-09-02 15:28,2023-09-02 15:29,1693664880,152.48,191.64,0.0,0.0,2.93,8974.5,-2.93,-8974.5
2023-09-02 15:29,2023-09-02 15:30,1693664940,152.48,191.64,0.0,0.0,2.95,8974.5,-2.95,-8974.5
2023-09-02 15:30,2023-09-02 15:31,1693665000,151.06,191.64,1.4199999999999875,0.0,2.97,8974.5,-2.97,-8974.5
2023-09-02 15:31,2023-09-02 15:32,1693665060,151.06,191.64,0.0,0.0,2.98,8974.5,-2.98,-8974.5
2023-09-02 15:32,2023-09-02 15:33,1693665120,151.06,191.64,0.0,0.0,3.0,8974.5,-3.0,-8974.5
2023-09-02 15:33,2023-09-02 15:34,1693665180,151.06,191.64,0.0,0.0,3.02,8974.5,-3.02,-8974.5
2023-09-02 15:34,2023-09-02 15:35,1693665240,151.06,190.14,0.0,1.5,3.03,8974.5,-3.03,-8974.5
2023-09-02 15:35,2023-09-02 15:36,1693665300,149.63,191.64,1.4300000000000068,0.0,3.05,8974.5,-3.05,-8974.5
2023-09-02 15:36,2023-09-02 15:37,1693665360,149.63,191.64,0.0,0.0,3.07,8974.5,-3.07,-8974.5
2023-09-02 15:37,2023-09-02 15:38,1693665420,149.63,191.64,0.0,0.0,3.08,8974.5,-3.08,-8974.5
2023-09-02 15:38,2023-09-02 15:39,1693665480,149.63,191.64,0.0,0.0,3.1,8974.5,-3.1,-8974.5
2023-09-02 15:39,2023-09-02 15:40,1693665540,149.63,191.64,0.0,0.0,3.12,8974.5,-3.12,-8974.5
2023-09-02 15:40,2023-09-02 15:41,1693665600,148.2,190.14,1.4300000000000068,1.5,3.13,8974.5,-3.13,-8974.5
2023-09-02 15:41,2023-09-02 15:42,1693665660,149.63,191.64,0.0,0.0,3.15,8974.5,-3.15,-8974.5
2023-09-02 15:42,2023-09-02 15:43,1693665720,146.77,191.64,2.859999999999985,0.0,3.17,8974.5,-3.17,-8974.5
2023-09-02 15:43,2023-09-02 15:44,1693665780,148.2,191.64,0.0,0.0,3.18,8974.5,-3.18,-8974.5
2023-09-02 15:44,2023-09-02 15:45,1693665840,146.77,191.64,1.4299999999999784,0.0,3.2,8974.5,-3.2,-8974.5
2023-09-02 15:45,2023-09-02 15:46,1693665900,145.35,191.64,1.420000000000016,0.0,3.22,8974.5,-3.22,-8974.5
2023-09-02 15:46,2023-09-02 15:47,1693665960,145.35,191.64,0.0,0.0,3.23,8974.5,-3.23,-8974.5
2023-09-02 15:47,2023-09-02 15:48,1693666020,145.35,191.64,0.0,0.0,3.25,8974.5,-3.25,-8974.5
2023-09-02 15:48,2023-09-02 15:49,1693666080,145.35,191.64,0.0,0.0,3.27,8974.5,-3.27,-8974.5
2023-09-02 15:49,2023-09-02 15:50,1693666140,143.92,190.14,1.4300000000000068,1.5,3.28,8974.5,-3.28,-8974.5
2023-09-02 15:50,2023-09-02 15:51,1693666200,143.92,191.64,0.0,0.0,3.3,8974.5,-3.3,-8974.5
2023-09-02 15:51,2023-09-02 15:52,1693666260,143.92,191.64,0.0,0.0,3.32,8974.5,-3.32,-8974.5
2023-09-02 15:52,2023-09-02 15:53,1693666320,145.35,191.64,0.0,0.0,3.33,8974.5,-3.33,-8974.5
2023-09-02 15:53,2023-09-02 15:54,1693666380,142.49,191.64,2.859999999999985,0.0,3.35,8974.5,-3.35,-8974.5
2023-09-02 15:54,2023-09-02 15:55,1693666440,142.49,191.64,0.0,0.0,3.37,8974.5,-3.37,-8974.5
2023-09-02 15:55,2023-09-02 15:56,1693666500,143.92,191.64,0.0,0.0,3.38,8974.5,-3.38,-8974.5
2023-09-02 15:56,2023-09-02 15:57,1693666560,142.49,191.64,1.4299999999999784,0.0,3.4,8974.5,-3.4,-8974.5
2023-09-02 15:57,2023-09-02 15:58,1693666620,142.49,190.14,0.0,1.5,3.42,8974.5,-3.42,-8974.5
2023-09-02 15:58,2023-09-02 15:59,1693666680,142.49,191.64,0.0,0.0,3.43,8974.5,-3.43,-8974.5
2023-09-02 15:59,2023-09-02 16:00,1693666740,142.49,190.14,0.0,1.5,3.45,8974.5,-3.45,-8974.5
2023-09-02 16:00,2023-09-02 16:01,1693666800,142.49,191.64,0.0,0.0,3.47,8974.5,-3.47,-8974.5
2023-09-02 16:01,2023-09-02 16:02,1693666860,141.06,190.14,1.4300000000000068,1.5,3.48,8974.5,-3.48,-8974.5
2023-09-02 16:02,2023-09-02 16:03,1693666920,143.92,191.64,0.0,0.0,3.5,8974.5,-3.5,-8974.5
2023-09-02 16:03,2023-09-02 16:04,1693666980,141.06,191.64,2.859999999999985,0.0,3.52,8974.5,-3.52,-8974.5
2023-09-02 16:04,2023-09-02 16:05,1693667040,142.49,191.64,0.0,0.0,3.53,8974.5,-3.53,-8974.5
2023-09-02 16:05,2023-09-02 16:06,1693667100,142.49,191.64,0.0,0.0,3.55,8974.5,-3.55,-8974.5
2023-09-02 16:06,2023-09-02 16:07,1693667160,142.49,191.64,0.0,0.0,3.57,8974.5,-3.57,-8974.5
2023-09-02 16:07,2023-09-02 16:08,1693667220,141.06,190.14,1.4300000000000068,1.5,3.58,8974.5,-3.58,-8974.5
2023-09-02 16:08,2023-09-02 16:09,1693667280,142.49,191.64,0.0,0.0,3.6,8974.5,-3.6,-8974.5
2023-09-02 16:09,2023-09-02 16:10,1693667340,141.06,191.64,1.4300000000000068,0.0,3.62,8974.5,-3.62,-8974.5
2023-09-02 16:10,2023-09-02 16:11,1693667400,141.06,191.64,0.0,0.0,3.63,8974.5,-3.63,-8974.5
2023-09-02 16:11,2023-09-02 16:12,1693667460,141.06,190.14,0.0,1.5,3.65,8974.5,-3.65,-8974.5
2023-09-02 16:12,2023-09-02 16:13,1693667520,139.64,191.64,1.420000000000016,0.0,3.67,8974.5,-3.67,-8974.5
2023-09-02 16:13,2023-09-02 16:14,1693667580,141.06,191.64,0.0,0.0,3.68,8974.5,-3.68,-8974.5
2023-09-02 16:14,2023-09-02 16:15,1693667640,141.06,190.14,0.0,1.5,3.7,8974.5,-3.7,-8974.5
2023-09-02 16:15,2023-09-02 16:16,1693667700,138.21,191.64,2.8499999999999943,0.0,3.72,8974.5,-3.72,-8974.5
2023-09-02 16:16,2023-09-02 16:17,1693667760,139.64,191.64,0.0,0.0,3.73,8974.5,-3.73,-8974.5
2023-09-02 16:17,2023-09-02 16:18,1693667820,139.64,191.64,0.0,0.0,3.75,8974.5,-3.75,-8974.5
2023-09-02 16:18,2023-09-02 16:19,1693667880,139.64,191.64,0.0,0.0,3.77,8974.5,-3.77,-8974.5
2023-09-02 16:19,2023-09-02 16:20,1693667940,139.64,191.64,0.0,0.0,3.78,8974.5,-3.78,-8974.5
2023-09-02 16:20,2023-09-02 16:21,1693668000,139.64,191.64,0.0,0.0,3.8,8974.5,-3.8,-8974.5
2023-09-02 16:21,2023-09-02 16:22,1693668060,139.64,191.64,0.0,0.0,3.82,8974.5,-3.82,-8974.5
2023-09-02 16:22,2023-09-02 16:23,1693668120,139.64,191.64,0.0,0.0,3.83,8974.5,-3.83,-8974.5
2023-09-02 16:23,2023-09-02 16:24,1693668180,139.64,190.14,0.0,1.5,3.85,8974.5,-3.85,-8974.5
2023-09-02 16:24,2023-09-02 16:25,1693668240,139.64,191.64,0.0,0.0,3.87,8974.5,-3.87,-8974.5
2023-09-02 16:25,2023-09-02 16:26,1693668300,138.21,191.64,1.4299999999999784,0.0,3.88,8974.5,-3.88,-8974.5
2023-09-02 16:26,2023-09-02 16:27,1693668360,139.64,191.64,0.0,0.0,3.9,8974.5,-3.9,-8974.5
2023-09-02 16:27,2023-09-02 16:28,1693668420,138.21,191.64,1.4299999999999784,0.0,3.92,8974.5,-3.92,-8974.5
2023-09-02 16:28,2023-09-02 16:29,1693668480,139.64,191.64,0.0,0.0,3.93,8974.5,-3.93,-8974.5
2023-09-02 16:29,2023-09-02 16:30,1693668540,139.64,191.64,0.0,0.0,3.95,8974.5,-3.95,-8974.5
2023-09-02 16:30,2023-09-02 16:31,1693668600,139.64,191.64,0.0,0.0,3.97,8974.5,-3.97,-8974.5
2023-09-02 16:31,2023-09-02 16:32,1693668660,138.21,190.14,1.4299999999999784,1.5,3.98,8974.5,-3.98,-8974.5
2023-09-02 16:32,2023-09-02 16:33,1693668720,138.21,191.64,0.0,0.0,4.0,8974.5,-4.0,-8974.5
2023-09-02 16:33,2023-09-02 16:34,1693668780,136.78,191.64,1.4300000000000068,0.0,4.02,8974.5,-4.02,-8974.5
2023-09-02 16:34,2023-09-02 16:35,1693668840,138.21,191.64,0.0,0.0,4.03,8974.5,-4.03,-8974.5
2023-09-02 16:35,2023-09-02 16:36,1693668900,138.21,191.64,0.0,0.0,4.05,8974.5,-4.05,-8974.5
2023-09-02 16:36,2023-09-02 16:37,1693668960,138.21,191.64,0.0,0.0,4.07,8974.5,-4.07,-8974.5
2023-09-02 16:37,2023-09-02 16:38,1693669020,136.78,191.64,1.4300000000000068,0.0,4.08,8974.5,-4.08,-8974.5
2023-09-02 16:38,2023-09-02 16:39,1693669080,136.78,191.64,0.0,0.0,4.1,8974.5,-4.1,-8974.5
2023-09-02 16:39,2023-09-02 16:40,1693669140,138.21,191.64,0.0,0.0,4.12,8974.5,-4.12,-8974.5
2023-09-02 16:40,2023-09-02 16:41,1693669200,136.78,191.64,1.4300000000000068,0.0,4.13,8974.5,-4.13,-8974.5
2023-09-02 16:41,2023-09-02 16:42,1693669260,136.78,191.64,0.0,0.0,4.15,8974.5,-4.15,-8974.5
2023-09-02 16:42,2023-09-02 16:43,1693669320,136.78,191.64,0.0,0.0,4.17,8974.5,-4.17,-8974.5
2023-09-02 16:43,2023-09-02 16:44,1693669380,138.21,191.64,0.0,0.0,4.18,8974.5,-4.18,-8974.5
2023-09-02 16:44,2023-09-02 16:45,1693669440,136.78,191.64,1.4300000000000068,0.0,4.2,8974.5,-4.2,-8974.5
2023-09-02 16:45,2023-09-02 16:46,1693669500,136.78,191.64,0.0,0.0,4.22,8974.5,-4.22,-8974.5
2023-09-02 16:46,2023-09-02 16:47,1693669560,136.78,190.14,0.0,1.5,4.23,8974.5,-4.23,-8974.5
2023-09-02 16:47,2023-09-02 16:48,1693669620,136.78,191.64,0.0,0.0,4.25,8974.5,-4.25,-8974.5
2023-09-02 16:48,2023-09-02 16:49,1693669680,135.35,191.64,1.4300000000000068,0.0,4.27,8974.5,-4.27,-8974.5
2023-09-02 16:49,2023-09-02 16:50,1693669740,136.78,191.64,0.0,0.0,4.28,8974.5,-4.28,-8974.5
2023-09-02 16:50,2023-09-02 16:51,1693669800,136.78,191.64,0.0,0.0,4.3,8974.5,-4.3,-8974.5
2023-09-02 16:51,2023-09-02 16:52,1693669860,136.78,191.64,0.0,0.0,4.32,8974.5,-4.32,-8974.5
2023-09-02 16:52,2023-09-02 16:53,1693669920,135.35,191.64,1.4300000000000068,0.0,4.33,8974.5,-4.33,-8974.5
2023-09-02 16:53,2023-09-02 16:54,1693669980,136.78,191.64,0.0,0.0,4.35,8974.5,-4.35,-8974.5
2023-09-02 16:54,2023-09-02 16:55,1693670040,136.78,191.64,0.0,0.0,4.37,8974.5,-4.37,-8974.5
2023-09-02 16:55,2023-09-02 16:56,1693670100,136.78,191.64,0.0,0.0,4.38,8974.5,-4.38,-8974.5
2023-09-02 16:56,2023-09-02 16:57,1693670160,136.78,191.64,0.0,0.0,4.4,8974.5,-4.4,-8974.5
2023-09-02 16:57,2023-09-02 16:58,1693670220,135.35,191.64,1.4300000000000068,0.0,4.42,8974.5,-4.42,-8974.5
2023-09-02 16:58,2023-09-02 16:59,1693670280,135.35,191.64,0.0,0.0,4.43,8974.5,-4.43,-8974.5
2023-09-02 16:59,2023-09-02 17:00,1693670340,135.35,191.64,0.0,0.0,4.45,8974.5,-4.45,-8974.5
2023-09-02 17:00,2023-09-02 17:01,1693670400,135.35,191.64,0.0,0.0,4.47,8974.5,-4.47,-8974.5
2023-09-02 17:01,2023-09-02 17:02,1693670460,135.35,191.64,0.0,0.0,4.48,8974.5,-4.48,-8974.5
2023-09-02 17:02,2023-09-02 17:03,1693670520,135.35,191.64,0.0,0.0,4.5,8974.5,-4.5,-8974.5
2023-09-02 17:03,2023-09-02 17:04,1693670580,133.93,191.64,1.4199999999999875,0.0,4.52,8974.5,-4.52,-8974.5
2023-09-02 17:04,2023-09-02 17:05,1693670640,133.93,191.64,0.0,0.0,4.53,8974.5,-4.53,-8974.5
2023-09-02 17:05,2023-09-02 17:06,1693670700,133.93,191.64,0.0,0.0,4.55,8974.5,-4.55,-8974.5
2023-09-02 17:06,2023-09-02 17:07,1693670760,133.93,191.64,0.0,0.0,4.57,8974.5,-4.57,-8974.5
2023-09-02 17:07,2023-09-02 17:08,1693670820,135.35,191.64,0.0,0.0,4.58,8974.5,-4.58,-8974.5
2023-09-02 17:08,2023-09-02 17:09,1693670880,133.93,191.64,1.4199999999999875,0.0,4.6,8974.5,-4.6,-8974.5
2023-09-02 17:09,2023-09-02 17:10,1693670940,135.35,191.64,0.0,0.0,4.62,8974.5,-4.62,-8974.5
2023-09-02 17:10,2023-09-02 17:11,1693671000,133.93,191.64,1.4199999999999875,0.0,4.63,8974.5,-4.63,-8974.5
2023-09-02 17:11,2023-09-02 17:12,1693671060,133.93,191.64,0.0,0.0,4.65,8974.5,-4.65,-8974.5
2023-09-02 17:12,2023-09-02 17:13,1693671120,133.93,191.64,0.0,0.0,4.67,8974.5,-4.67,-8974.5
2023-09-02 17:13,2023-09-02 17:14,1693671180,133.93,191.64,0.0,0.0,4.68,8974.5,-4.68,-8974.5
2023-09-02 17:14,2023-09-02 17:15,1693671240,133.93,191.64,0.0,0.0,4.7,8974.5,-4.7,-8974.5
2023-09-02 17:15,2023-09-02 17:16,1693671300,133.93,191.64,0.0,0.0,4.72,8974.5,-4.72,-8974.5
2023-09-02 17:16,2023-09-02 17:17,1693671360,133.93,191.64,0.0,0.0,4.73,8974.5,-4.73,-8974.5
2023-09-02 17:17,2023-09-02 17:18,1693671420,133.93,191.64,0.0,0.0,4.75,8974.5,-4.75,-8974.5
2023-09-02 17:18,2023-09-02 17:19,1693671480,133.93,191.64,0.0,0.0,4.77,8974.5,-4.77,-8974.5
2023-09-02 17:19,2023-09-02 17:20,1693671540,133.93,191.64,0.0,0.0,4.78,8974.5,-4.78,-8974.5
2023-09-02 17:20,2023-09-02 17:21,1693671600,133.93,191.64,0.0,0.0,4.8,8974.5,-4.8,-8974.5
2023-09-02 17:21,2023-09-02 17:22,1693671660,132.5,191.64,1.4300000000000068,0.0,4.82,8974.5,-4.82,-8974.5
2023-09-02 17:22,2023-09-02 17:23,1693671720,132.5,191.64,0.0,0.0,4.83,8974.5,-4.83,-8974.5
2023-09-02 17:23,2023-09-02 17:24,1693671780,132.5,191.64,0.0,0.0,4.85,8974.5,-4.85,-8974.5
2023-09-02 17:24,2023-09-02 17:25,1693671840,132.5,191.64,0.0,0.0,4.87,8974.5,-4.87,-8974.5
2023-09-02 17:25,2023-09-02 17:26,1693671900,132.5,191.64,0.0,0.0,4.88,8974.5,-4.88,-8974.5
2023-09-02 17:26,2023-09-02 17:27,1693671960,132.5,191.64,0.0,0.0,4.9,8974.5,-4.9,-8974.5
2023-09-02 17:27,2023-09-02 17:28,1693672020,132.5,191.64,0.0,0.0,4.92,8974.5,-4.92,-8974.5
2023-09-02 17:28,2023-09-02 17:29,1693672080,132.5,191.64,0.0,0.0,4.93,8974.5,-4.93,-8974.5
2023-09-02 17:29,2023-09-02 17:30,1693672140,132.5,191.64,0.0,0.0,4.95,8974.5,-4.95,-8974.5
2023-09-02 17:30,2023-09-02 17:31,1693672200,132.5,191.64,0.0,0.0,4.97,8974.5,-4.97,-8974.5
2023-09-02 17:31,2023-09-02 17:32,1693672260,132.5,191.64,0.0,0.0,4.98,8974.5,-4.98,-8974.5
2023-09-02 17:32,2023-09-02 17:33,1693672320,132.5,191.64,0.0,0.0,5.0,8974.5,-5.0,-8974.5
2023-09-02 17:33,2023-09-02 17:34,1693672380,132.5,191.64,0.0,0.0,5.02,8974.5,-5.02,-8974.5
2023-09-02 17:34,2023-09-02 17:35,1693672440,132.5,191.64,0.0,0.0,5.03,8974.5,-5.03,-8974.5
2023-09-02 17:35,2023-09-02 17:36,1693672500,131.07,191.64,1.4300000000000068,0.0,5.05,8974.5,-5.05,-8974.5
2023-09-02 17:36,2023-09-02 17:37,1693672560,131.07,191.64,0.0,0.0,5.07,8974.5,-5.07,-8974.5
2023-09-02 17:37,2023-09-02 17:38,1693672620,131.07,191.64,0.0,0.0,5.08,8974.5,-5.08,-8974.5
2023-09-02 17:38,2023-09-02 17:39,1693672680,131.07,191.64,0.0,0.0,5.1,8974.5,-5.1,-8974.5
2023-09-02 17:39,2023-09-02 17:40,1693672740,131.07,191.64,0.0,0.0,5.12,8974.5,-5.12,-8974.5
2023-09-02 17:40,2023-09-02 17:41,1693672800,131.07,191.64,0.0,0.0,5.13,8974.5,-5.13,-8974.5
2023-09-02 17:41,2023-09-02 17:42,1693672860,131.07,191.64,0.0,0.0,5.15,8974.5,-5.15,-8974.5
2023-09-02 17:42,2023-09-02 17:43,1693672920,131.07,191.64,0.0,0.0,5.17,8974.5,-5.17,-8974.5
2023-09-02 17:43,2023-09-02 17:44,1693672980,131.07,191.64,0.0,0.0,5.18,8974.5,-5.18,-8974.5
2023-09-02 17:44,2023-09-02 17:45,1693673040,131.07,191.64,0.0,0.0,5.2,8974.5,-5.2,-8974.5
2023-09-02 17:45,2023-09-02 17:46,1693673100,131.07,191.64,0.0,0.0,5.22,8974.5,-5.22,-8974.5
2023-09-02 17:46,2023-09-02 17:47,1693673160,131.07,190.14,0.0,1.5,5.23,8974.5,-5.23,-8974.5
2023-09-02 17:47,2023-09-02 17:48,1693673220,129.65,191.64,1.4199999999999875,0.0,5.25,8974.5,-5.25,-8974.5
2023-09-02 17:48,2023-09-02 17:49,1693673280,131.07,191.64,0.0,0.0,5.27,8974.5,-5.27,-8974.5
2023-09-02 17:49,2023-09-02 17:50,1693673340,131.07,191.64,0.0,0.0,5.28,8974.5,-5.28,-8974.5
2023-09-02 17:50,2023-09-02 17:51,1693673400,131.07,191.64,0.0,0.0,5.3,8974.5,-5.3,-8974.5
2023-09-02 17:51,2023-09-02 17:52,1693673460,129.65,191.64,1.4199999999999875,0.0,5.32,8974.5,-5.32,-8974.5
2023-09-02 17:52,2023-09-02 17:53,1693673520,129.65,190.14,0.0,1.5,5.33,8974.5,-5.33,-8974.5
2023-09-02 17:53,2023-09-02 17:54,1693673580,131.07,191.64,0.0,0.0,5.35,8974.5,-5.35,-8974.5
2023-09-02 17:54,2023-09-02 17:55,1693673640,129.65,191.64,1.4199999999999875,0.0,5.37,8974.5,-5.37,-8974.5
2023-09-02 17:55,2023-09-02 17:56,1693673700,129.65,191.64,0.0,0.0,5.38,8974.5,-5.38,-8974.5
2023-09-02 17:56,2023-09-02 17:57,1693673760,131.07,191.64,0.0,0.0,5.4,8974.5,-5.4,-8974.5
2023-09-02 17:57,2023-09-02 17:58,1693673820,129.65,191.64,1.4199999999999875,0.0,5.42,8974.5,-5.42,-8974.5
2023-09-02 17:58,2023-09-02 17:59,1693673880,129.65,191.64,0.0,0.0,5.43,8974.5,-5.43,-8974.5
2023-09-02 17:59,2023-09-02 18:00,1693673940,129.65,190.14,0.0,1.5,5.45,8974.5,-5.45,-8974.5
2023-09-02 18:00,2023-09-02 18:01,1693674000,129.65,191.64,0.0,0.0,5.47,8974.5,-5.47,-8974.5
2023-09-02 18:01,2023-09-02 18:02,1693674060,129.65,191.64,0.0,0.0,5.48,8974.5,-5.48,-8974.5
2023-09-02 18:02,2023-09-02 18:03,1693674120,129.65,191.64,0.0,0.0,5.5,8974.5,-5.5,-8974.5
2023-09-02 18:03,2023-09-02 18:04,1693674180,129.65,191.64,0.0,0.0,5.52,8974.5,-5.52,-8974.5
2023-09-02 18:04,2023-09-02 18:05,1693674240,128.22,191.64,1.4300000000000068,0.0,5.53,8974.5,-5.53,-8974.5
2023-09-02 18:05,2023-09-02 18:06,1693674300,129.65,191.64,0.0,0.0,5.55,8974.5,-5.55,-8974.5
2023-09-02 18:06,2023-09-02 18:07,1693674360,128.22,191.64,1.4300000000000068,0.0,5.57,8974.5,-5.57,-8974.5
2023-09-02 18:07,2023-09-02 18:08,1693674420,129.65,191.64,0.0,0.0,5.58,8974.5,-5.58,-8974.5
2023-09-02 18:08,2023-09-02 18:09,1693674480,129.65,191.64,0.0,0.0,5.6,8974.5,-5.6,-8974.5
2023-09-02 18:09,2023-09-02 18:10,1693674540,128.22,191.64,1.4300000000000068,0.0,5.62,8974.5,-5.62,-8974.5
2023-09-02 18:10,2023-09-02 18:11,1693674600,129.65,191.64,0.0,0.0,5.63,8974.5,-5.63,-8974.5
2023-09-02 18:11,2023-09-02 18:12,1693674660,128.22,191.64,1.4300000000000068,0.0,5.65,8974.5,-5.65,-8974.5
2023-09-02 18:12,2023-09-02 18:13,1693674720,129.65,191.64,0.0,0.0,5.67,8974.5,-5.67,-8974.5
2023-09-02 18:13,2023-09-02 18:14,1693674780,128.22,191.64,1.4300000000000068,0.0,5.68,8974.5,-5.68,-8974.5
2023-09-02 18:14,2023-09-02 18:15,1693674840,128.22,191.64,0.0,0.0,5.7,8974.5,-5.7,-8974.5
2023-09-02 18:15,2023-09-02 18:16,1693674900,129.65,191.64,0.0,0.0,5.72,8974.5,-5.72,-8974.5
2023-09-02 18:16,2023-09-02 18:17,1693674960,126.79,191.64,2.8599999999999994,0.0,5.73,8974.5,-5.73,-8974.5
2023-09-02 18:17,2023-09-02 18:18,1693675020,128.22,190.14,0.0,1.5,5.75,8974.5,-5.75,-8974.5
2023-09-02 18:18,2023-09-02 18:19,1693675080,128.22,191.64,0.0,0.0,5.77,8974.5,-5.77,-8974.5
2023-09-02 18:19,2023-09-02 18:20,1693675140,128.22,191.64,0.0,0.0,5.78,8974.5,-5.78,-8974.5
2023-09-02 18:20,2023-09-02 18:21,1693675200,128.22,191.64,0.0,0.0,5.8,8974.5,-5.8,-8974.5
2023-09-02 18:21,2023-09-02 18:22,1693675260,128.22,191.64,0.0,0.0,5.82,8974.5,-5.82,-8974.5
2023-09-02 18:22,2023-09-02 18:23,1693675320,128.22,191.64,0.0,0.0,5.83,8974.5,-5.83,-8974.5
2023-09-02 18:23,2023-09-02 18:24,1693675380,126.79,191.64,1.4299999999999926,0.0,5.85,8974.5,-5.85,-8974.5
2023-09-02 18:24,2023-09-02 18:25,1693675440,128.22,191.64,0.0,0.0,5.87,8974.5,-5.87,-8974.5
2023-09-02 18:25,2023-09-02 18:26,1693675500,126.79,191.64,1.4299999999999926,0.0,5.88,8974.5,-5.88,-8974.5
2023-09-02 18:26,2023-09-02 18:27,1693675560,126.79,191.64,0.0,0.0,5.9,8974.5,-5.9,-8974.5
2023-09-02 18:27,2023-09-02 18:28,1693675620,126.79,191.64,0.0,0.0,5.92,8974.5,-5.92,-8974.5
2023-09-02 18:28,2023-09-02 18:29,1693675680,126.79,190.14,0.0,1.5,5.93,8974.5,-5.93,-8974.5
2023-09-02 18:29,2023-09-02 18:30,1693675740,128.22,191.64,0.0,0.0,5.95,8974.5,-5.95,-8974.5
2023-09-02 18:30,2023-09-02 18:31,1693675800,126.79,191.64,1.4299999999999926,0.0,5.97,8974.5,-5.97,-8974.5
2023-09-02 18:31,2023-09-02 18:32,1693675860,126.79,191.64,0.0,0.0,5.98,8974.5,-5.98,-8974.5
2023-09-02 18:32,2023-09-02 18:33,1693675920,126.79,191.64,0.0,0.0,6.0,8974.5,-6.0,-8974.5
2023-09-02 18:33,2023-09-02 18:34,1693675980,125.36,193.14,1.4300000000000068,0.0,6.02,8974.5,-6.02,-8974.5
2023-09-02 18:34,2023-09-02 18:35,1693676040,125.36,191.64,0.0,1.5,6.03,8974.5,-6.03,-8974.5
2023-09-02 18:35,2023-09-02 18:36,1693676100,126.79,190.14,0.0,1.5,6.05,8974.5,-6.05,-8974.5
2023-09-02 18:36,2023-09-02 18:37,1693676160,126.79,190.14,0.0,0.0,6.07,8974.5,-6.07,-8974.5
2023-09-02 18:37,2023-09-02 18:38,1693676220,125.36,190.14,1.4300000000000068,0.0,6.08,8974.5,-6.08,-8974.5
2023-09-02 18:38,2023-09-02 18:39,1693676280,126.79,190.14,0.0,0.0,6.1,8974.5,-6.1,-8974.5
2023-09-02 18:39,2023-09-02 18:40,1693676340,125.36,188.65,1.4300000000000068,1.4899999999999807,6.12,8974.5,-6.12,-8974.5
2023-09-02 18:40,2023-09-02 18:41,1693676400,125.36,188.65,0.0,0.0,6.13,8974.5,-6.13,-8974.5
2023-09-02 18:41,2023-09-02 18:42,1693676460,126.79,187.15,0.0,1.5,6.15,8974.5,-6.15,-8974.5
2023-09-02 18:42,2023-09-02 18:43,1693676520,125.36,178.17,1.4300000000000068,8.980000000000018,6.17,8974.5,-6.17,-8974.5
2023-09-02 18:43,2023-09-02 18:44,1693676580,125.36,175.18,0.0,2.9899999999999807,6.18,8974.5,-6.18,-8974.5
2023-09-02 18:44,2023-09-02 18:45,1693676640,126.79,172.19,0.0,2.990000000000009,6.2,8974.5,-6.2,-8974.5
2023-09-02 18:45,2023-09-02 18:46,1693676700,125.36,172.19,1.4300000000000068,0.0,6.22,8974.5,-6.22,-8974.5
2023-09-02 18:46,2023-09-02 18:47,1693676760,123.94,172.19,1.4200000000000017,0.0,6.23,8974.5,-6.23,-8974.5
2023-09-02 18:47,2023-09-02 18:48,1693676820,125.36,172.19,0.0,0.0,6.25,8974.5,-6.25,-8974.5
2023-09-02 18:48,2023-09-02 18:49,1693676880,125.36,172.19,0.0,0.0,6.27,8974.5,-6.27,-8974.5
2023-09-02 18:49,2023-09-02 18:50,1693676940,123.94,172.19,1.4200000000000017,0.0,6.28,8974.5,-6.28,-8974.5
2023-09-02 18:50,2023-09-02 18:51,1693677000,123.94,172.19,0.0,0.0,6.3,8974.5,-6.3,-8974.5
2023-09-02 18:51,2023-09-02 18:52,1693677060,125.36,172.19,0.0,0.0,6.32,8974.5,-6.32,-8974.5
2023-09-02 18:52,2023-09-02 18:53,1693677120,123.94,190.14,1.4200000000000017,0.0,6.33,8974.5,-6.33,-8974.5
2023-09-02 18:53,2023-09-02 18:54,1693677180,125.36,190.14,0.0,0.0,6.35,8974.5,-6.35,-8974.5
2023-09-02 18:54,2023-09-02 18:55,1693677240,123.94,190.14,1.4200000000000017,0.0,6.37,8974.5,-6.37,-8974.5
2023-09-02 18:55,2023-09-02 18:56,1693677300,126.79,190.14,0.0,0.0,6.38,8974.5,-6.38,-8974.5
2023-09-02 18:56,2023-09-02 18:57,1693677360,109.66,190.14,17.13000000000001,0.0,6.4,8974.5,-6.4,-8974.5
2023-09-02 18:57,2023-09-02 18:58,1693677420,112.52,190.14,0.0,0.0,6.42,8974.5,-6.42,-8974.5
2023-09-02 18:58,2023-09-02 18:59,1693677480,101.1,190.14,11.420000000000002,0.0,6.43,8974.5,-6.43,-8974.5
2023-09-02 18:59,2023-09-02 19:00,1693677540,103.95,190.14,0.0,0.0,6.45,8974.5,-6.45,-8974.5
2023-09-02 19:00,2023-09-02 19:01,1693677600,105.38,190.14,0.0,0.0,6.47,8974.5,-6.47,-8974.5
2023-09-02 19:01,2023-09-02 19:02,1693677660,103.95,190.14,1.4299999999999926,0.0,6.48,8974.5,-6.48,-8974.5
2023-09-02 19:02,2023-09-02 19:03,1693677720,105.38,190.14,0.0,0.0,6.5,8974.5,-6.5,-8974.5
2023-09-02 19:03,2023-09-02 19:04,1693677780,123.94,190.14,0.0,0.0,6.52,8974.5,-6.52,-8974.5
2023-09-02 19:04,2023-09-02 19:05,1693677840,123.94,190.14,0.0,0.0,6.53,8974.5,-6.53,-8974.5
2023-09-02 19:05,2023-09-02 19:06,1693677900,126.79,190.14,0.0,0.0,6.55,8974.5,-6.55,-8974.5
2023-09-02 19:06,2023-09-02 19:07,1693677960,132.5,190.14,0.0,0.0,6.57,8974.5,-6.57,-8974.5
2023-09-02 19:07,2023-09-02 19:08,1693678020,139.64,190.14,0.0,0.0,6.58,8974.5,-6.58,-8974.5
2023-09-02 19:08,2023-09-02 19:09,1693678080,149.63,190.14,0.0,0.0,6.6,8974.5,-6.6,-8974.5
2023-09-02 19:09,2023-09-02 19:10,1693678140,155.34,190.14,0.0,0.0,6.62,8974.5,-6.62,-8974.5
2023-09-02 19:10,2023-09-02 19:11,1693678200,161.05,190.14,0.0,0.0,6.63,8974.5,-6.63,-8974.5
2023-09-02 19:11,2023-09-02 19:12,1693678260,171.04,190.14,0.0,0.0,6.65,8974.5,-6.65,-8974.5
2023-09-02 19:12,2023-09-02 19:13,1693678320,176.75,190.14,0.0,0.0,6.67,8974.5,-6.67,-8974.5
2023-09-02 19:13,2023-09-02 19:14,1693678380,176.75,190.14,0.0,0.0,6.68,8974.5,-6.68,-8974.5
2023-09-02 19:14,2023-09-02 19:15,1693678440,176.75,190.14,0.0,0.0,6.7,8974.5,-6.7,-8974.5
2023-09-02 19:15,2023-09-02 19:16,1693678500,176.75,190.14,0.0,0.0,6.72,8974.5,-6.72,-8974.5
2023-09-02 19:16,2023-09-02 19:17,1693678560,176.75,191.64,0.0,0.0,6.73,8974.5,-6.73,-8974.5
2023-09-02 19:17,2023-09-02 19:18,1693678620,176.75,190.14,0.0,1.5,6.75,8974.5,-6.75,-8974.5
2023-09-02 19:18,2023-09-02 19:19,1693678680,176.75,190.14,0.0,0.0,6.77,8974.5,-6.77,-8974.5
2023-09-02 19:19,2023-09-02 19:20,1693678740,176.75,190.14,0.0,0.0,6.78,8974.5,-6.78,-8974.5
2023-09-02 19:20,2023-09-02 19:21,1693678800,176.75,190.14,0.0,0.0,6.8,8974.5,-6.8,-8974.5
2023-09-02 19:21,2023-09-02 19:22,1693678860,175.32,190.14,1.4300000000000068,0.0,6.82,8974.5,-6.82,-8974.5
2023-09-02 19:22,2023-09-02 19:23,1693678920,175.32,190.14,0.0,0.0,6.83,8974.5,-6.83,-8974.5
2023-09-02 19:23,2023-09-02 19:24,1693678980,175.32,190.14,0.0,0.0,6.85,8974.5,-6.85,-8974.5
2023-09-02 19:24,2023-09-02 19:25,1693679040,175.32,190.14,0.0,0.0,6.87,8974.5,-6.87,-8974.5
2023-09-02 19:25,2023-09-02 19:26,1693679100,173.9,190.14,1.4199999999999875,0.0,6.88,8974.5,-6.88,-8974.5
2023-09-02 19:26,2023-09-02 19:27,1693679160,175.32,190.14,0.0,0.0,6.9,8974.5,-6.9,-8974.5
2023-09-02 19:27,2023-09-02 19:28,1693679220,173.9,190.14,1.4199999999999875,0.0,6.92,8974.5,-6.92,-8974.5
2023-09-02 19:28,2023-09-02 19:29,1693679280,173.9,190.14,0.0,0.0,6.93,8974.5,-6.93,-8974.5
2023-09-02 19:29,2023-09-02 19:30,1693679340,173.9,190.14,0.0,0.0,6.95,8974.5,-6.95,-8974.5
2023-09-02 19:30,2023-09-02 19:31,1693679400,175.32,190.14,0.0,0.0,6.97,8974.5,-6.97,-8974.5
2023-09-02 19:31,2023-09-02 19:32,1693679460,173.9,190.14,1.4199999999999875,0.0,6.98,8974.5,-6.98,-8974.5
2023-09-02 19:32,2023-09-02 19:33,1693679520,175.32,190.14,0.0,0.0,7.0,8974.5,-7.0,-8974.5
2023-09-02 19:33,2023-09-02 19:34,1693679580,173.9,190.14,1.4199999999999875,0.0,7.02,8974.5,-7.02,-8974.5
2023-09-02 19:34,2023-09-02 19:35,1693679640,173.9,190.14,0.0,0.0,7.03,8974.5,-7.03,-8974.5
2023-09-02 19:35,2023-09-02 19:36,1693679700,173.9,190.14,0.0,0.0,7.05,8974.5,-7.05,-8974.5
2023-09-02 19:36,2023-09-02 19:37,1693679760,175.32,190.14,0.0,0.0,7.07,8974.5,-7.07,-8974.5
2023-09-02 19:37,2023-09-02 19:38,1693679820,173.9,190.14,1.4199999999999875,0.0,7.08,8974.5,-7.08,-8974.5
2023-09-02 19:38,2023-09-02 19:39,1693679880,171.04,190.14,2.8600000000000136,0.0,7.1,8974.5,-7.1,-8974.5
2023-09-02 19:39,2023-09-02 19:40,1693679940,173.9,190.14,0.0,0.0,7.12,8974.5,-7.12,-8974.5
2023-09-02 19:40,2023-09-02 19:41,1693680000,172.47,190.14,1.4300000000000068,0.0,7.13,8974.5,-7.13,-8974.5
2023-09-02 19:41,2023-09-02 19:42,1693680060,172.47,190.14,0.0,0.0,7.15,8974.5,-7.15,-8974.5
2023-09-02 19:42,2023-09-02 19:43,1693680120,173.9,190.14,0.0,0.0,7.17,8974.5,-7.17,-8974.5
2023-09-02 19:43,2023-09-02 19:44,1693680180,172.47,190.14,1.4300000000000068,0.0,7.18,8974.5,-7.18,-8974.5
2023-09-02 19:44,2023-09-02 19:45,1693680240,172.47,190.14,0.0,0.0,7.2,8974.5,-7.2,-8974.5
2023-09-02 19:45,2023-09-02 19:46,1693680300,172.47,190.14,0.0,0.0,7.22,8974.5,-7.22,-8974.5
2023-09-02 19:46,2023-09-02 19:47,1693680360,172.47,190.14,0.0,0.0,7.23,8974.5,-7.23,-8974.5
2023-09-02 19:47,2023-09-02 19:48,1693680420,172.47,190.14,0.0,0.0,7.25,8974.5,-7.25,-8974.5
2023-09-02 19:48,2023-09-02 19:49,1693680480,171.04,190.14,1.4300000000000068,0.0,7.27,8974.5,-7.27,-8974.5
2023-09-02 19:49,2023-09-02 19:50,1693680540,172.47,190.14,0.0,0.0,7.28,8974.5,-7.28,-8974.5
2023-09-02 19:50,2023-09-02 19:51,1693680600,172.47,190.14,0.0,0.0,7.3,8974.5,-7.3,-8974.5
2023-09-02 19:51,2023-09-02 19:52,1693680660,172.47,190.14,0.0,0.0,7.32,8974.5,-7.32,-8974.5
2023-09-02 19:52,2023-09-02 19:53,1693680720,172.47,190.14,0.0,0.0,7.33,8974.5,-7.33,-8974.5
2023-09-02 19:53,2023-09-02 19:54,1693680780,171.04,190.14,1.4300000000000068,0.0,7.35,8974.5,-7.35,-8974.5
2023-09-02 19:54,2023-09-02 19:55,1693680840,171.04,190.14,0.0,0.0,7.37,8974.5,-7.37,-8974.5
2023-09-02 19:55,2023-09-02 19:56,1693680900,169.61,190.14,1.4299999999999784,0.0,7.38,8974.5,-7.38,-8974.5
2023-09-02 19:56,2023-09-02 19:57,1693680960,169.61,190.14,0.0,0.0,7.4,8974.5,-7.4,-8974.5
2023-09-02 19:57,2023-09-02 19:58,1693681020,171.04,190.14,0.0,0.0,7.42,8974.5,-7.42,-8974.5
2023-09-02 19:58,2023-09-02 19:59,1693681080,171.04,190.14,0.0,0.0,7.43,8974.5,-7.43,-8974.5
2023-09-02 19:59,2023-09-02 20:00,1693681140,171.04,190.14,0.0,0.0,7.45,8974.5,-7.45,-8974.5
2023-09-02 20:00,2023-09-02 20:01,1693681200,169.61,190.14,1.4299999999999784,0.0,7.47,8974.5,-7.47,-8974.5
2023-09-02 20:01,2023-09-02 20:02,1693681260,172.47,190.14,0.0,0.0,7.48,8974.5,-7.48,-8974.5
2023-09-02 20:02,2023-09-02 20:03,1693681320,171.04,190.14,1.4300000000000068,0.0,7.5,8974.5,-7.5,-8974.5
2023-09-02 20:03,2023-09-02 20:04,1693681380,169.61,190.14,1.4299999999999784,0.0,7.52,8974.5,-7.52,-8974.5
2023-09-02 20:04,2023-09-02 20:05,1693681440,169.61,190.14,0.0,0.0,7.53,8974.5,-7.53,-8974.5
2023-09-02 20:05,2023-09-02 20:06,1693681500,169.61,190.14,0.0,0.0,7.55,8974.5,-7.55,-8974.5
2023-09-02 20:06,2023-09-02 20:07,1693681560,169.61,190.14,0.0,0.0,7.57,8974.5,-7.57,-8974.5
2023-09-02 20:07,2023-09-02 20:08,1693681620,169.61,190.14,0.0,0.0,7.58,8974.5,-7.58,-8974.5
2023-09-02 20:08,2023-09-02 20:09,1693681680,168.19,190.14,1.420000000000016,0.0,7.6,8974.5,-7.6,-8974.5
2023-09-02 20:09,2023-09-02 20:10,1693681740,169.61,190.14,0.0,0.0,7.62,8974.5,-7.62,-8974.5
2023-09-02 20:10,2023-09-02 20:11,1693681800,169.61,190.14,0.0,0.0,7.63,8974.5,-7.63,-8974.5
2023-09-02 20:11,2023-09-02 20:12,1693681860,169.61,190.14,0.0,0.0,7.65,8974.5,-7.65,-8974.5
2023-09-02 20:12,2023-09-02 20:13,1693681920,169.61,190.14,0.0,0.0,7.67,8974.5,-7.67,-8974.5
2023-09-02 20:13,2023-09-02 20:14,1693681980,169.61,190.14,0.0,0.0,7.68,8974.5,-7.68,-8974.5
2023-09-02 20:14,2023-09-02 20:15,1693682040,168.19,190.14,1.420000000000016,0.0,7.7,8974.5,-7.7,-8974.5
2023-09-02 20:15,2023-09-02 20:16,1693682100,166.76,190.14,1.4300000000000068,0.0,7.72,8974.5,-7.72,-8974.5
2023-09-02 20:16,2023-09-02 20:17,1693682160,168.19,190.14,0.0,0.0,7.73,8974.5,-7.73,-8974.5
2023-09-02 20:17,2023-09-02 20:18,1693682220,168.19,190.14,0.0,0.0,7.75,8974.5,-7.75,-8974.5
2023-09-02 20:18,2023-09-02 20:19,1693682280,168.19,190.14,0.0,0.0,7.77,8974.5,-7.77,-8974.5
2023-09-02 20:19,2023-09-02 20:20,1693682340,169.61,190.14,0.0,0.0,7.78,8974.5,-7.78,-8974.5
2023-09-02 20:20,2023-09-02 20:21,1693682400,166.76,190.14,2.8500000000000227,0.0,7.8,8974.5,-7.8,-8974.5
2023-09-02 20:21,2023-09-02 20:22,1693682460,166.76,190.14,0.0,0.0,7.82,8974.5,-7.82,-8974.5
2023-09-02 20:22,2023-09-02 20:23,1693682520,168.19,190.14,0.0,0.0,7.83,8974.5,-7.83,-8974.5
2023-09-02 20:23,2023-09-02 20:24,1693682580,165.33,190.14,2.859999999999985,0.0,7.85,8974.5,-7.85,-8974.5
2023-09-02 20:24,2023-09-02 20:25,1693682640,168.19,190.14,0.0,0.0,7.87,8974.5,-7.87,-8974.5
2023-09-02 20:25,2023-09-02 20:26,1693682700,165.33,190.14,2.859999999999985,0.0,7.88,8974.5,-7.88,-8974.5
2023-09-02 20:26,2023-09-02 20:27,1693682760,165.33,190.14,0.0,0.0,7.9,8974.5,-7.9,-8974.5
2023-09-02 20:27,2023-09-02 20:28,1693682820,166.76,190.14,0.0,0.0,7.92,8974.5,-7.92,-8974.5
2023-09-02 20:28,2023-09-02 20:29,1693682880,165.33,190.14,1.4299999999999784,0.0,7.93,8974.5,-7.93,-8974.5
2023-09-02 20:29,2023-09-02 20:30,1693682940,166.76,190.14,0.0,0.0,7.95,8974.5,-7.95,-8974.5
2023-09-02 20:30,2023-09-02 20:31,1693683000,166.76,190.14,0.0,0.0,7.97,8974.5,-7.97,-8974.5
2023-09-02 20:31,2023-09-02 20:32,1693683060,166.76,190.14,0.0,0.0,7.98,8974.5,-7.98,-8974.5
2023-09-02 20:32,2023-09-02 20:33,1693683120,166.76,190.14,0.0,0.0,8.0,8974.5,-8.0,-8974.5
2023-09-02 20:33,2023-09-02 20:34,1693683180,163.9,190.14,2.859999999999985,0.0,8.02,8974.5,-8.02,-8974.5
2023-09-02 20:34,2023-09-02 20:35,1693683240,165.33,190.14,0.0,0.0,8.03,8974.5,-8.03,-8974.5
2023-09-02 20:35,2023-09-02 20:36,1693683300,166.76,190.14,0.0,0.0,8.05,8974.5,-8.05,-8974.5
2023-09-02 20:36,2023-09-02 20:37,1693683360,163.9,190.14,2.859999999999985,0.0,8.07,8974.5,-8.07,-8974.5
2023-09-02 20:37,2023-09-02 20:38,1693683420,163.9,190.14,0.0,0.0,8.08,8974.5,-8.08,-8974.5
2023-09-02 20:38,2023-09-02 20:39,1693683480,162.48,190.14,1.420000000000016,0.0,8.1,8974.5,-8.1,-8974.5
2023-09-02 20:39,2023-09-02 20:40,1693683540,165.33,190.14,0.0,0.0,8.12,8974.5,-8.12,-8974.5
2023-09-02 20:40,2023-09-02 20:41,1693683600,163.9,190.14,1.4300000000000068,0.0,8.13,8974.5,-8.13,-8974.5
2023-09-02 20:41,2023-09-02 20:42,1693683660,163.9,190.14,0.0,0.0,8.15,8974.5,-8.15,-8974.5
2023-09-02 20:42,2023-09-02 20:43,1693683720,163.9,190.14,0.0,0.0,8.17,8974.5,-8.17,-8974.5
2023-09-02 20:43,2023-09-02 20:44,1693683780,166.76,190.14,0.0,0.0,8.18,8974.5,-8.18,-8974.5
2023-09-02 20:44,2023-09-02 20:45,1693683840,165.33,190.14,1.4299999999999784,0.0,8.2,8974.5,-8.2,-8974.5
2023-09-02 20:45,2023-09-02 20:46,1693683900,163.9,190.14,1.4300000000000068,0.0,8.22,8974.5,-8.22,-8974.5
2023-09-02 20:46,2023-09-02 20:47,1693683960,165.33,190.14,0.0,0.0,8.23,8974.5,-8.23,-8974.5
2023-09-02 20:47,2023-09-02 20:48,1693684020,162.48,190.14,2.8500000000000227,0.0,8.25,8974.5,-8.25,-8974.5
2023-09-02 20:48,2023-09-02 20:49,1693684080,162.48,190.14,0.0,0.0,8.27,8974.5,-8.27,-8974.5
2023-09-02 20:49,2023-09-02 20:50,1693684140,163.9,190.14,0.0,0.0,8.28,8974.5,-8.28,-8974.5
2023-09-02 20:50,2023-09-02 20:51,1693684200,162.48,190.14,1.420000000000016,0.0,8.3,8974.5,-8.3,-8974.5
2023-09-02 20:51,2023-09-02 20:52,1693684260,165.33,190.14,0.0,0.0,8.32,8974.5,-8.32,-8974.5
2023-09-02 20:52,2023-09-02 20:53,1693684320,162.48,190.14,2.8500000000000227,0.0,8.33,8974.5,-8.33,-8974.5
2023-09-02 20:53,2023-09-02 20:54,1693684380,162.48,190.14,0.0,0.0,8.35,8974.5,-8.35,-8974.5
2023-09-02 20:54,2023-09-02 20:55,1693684440,165.33,190.14,0.0,0.0,8.37,8974.5,-8.37,-8974.5
2023-09-02 20:55,2023-09-02 20:56,1693684500,162.48,190.14,2.8500000000000227,0.0,8.38,8974.5,-8.38,-8974.5
2023-09-02 20:56,2023-09-02 20:57,1693684560,162.48,190.14,0.0,0.0,8.4,8974.5,-8.4,-8974.5
2023-09-02 20:57,2023-09-02 20:58,1693684620,162.48,190.14,0.0,0.0,8.42,8974.5,-8.42,-8974.5
2023-09-02 20:58,2023-09-02 20:59,1693684680,161.05,190.14,1.4299999999999784,0.0,8.43,8974.5,-8.43,-8974.5
2023-09-02 20:59,2023-09-02 21:00,1693684740,161.05,190.14,0.0,0.0,8.45,8974.5,-8.45,-8974.5
2023-09-02 21:00,2023-09-02 21:01,1693684800,162.48,190.14,0.0,0.0,8.47,8974.5,-8.47,-8974.5
2023-09-02 21:01,2023-09-02 21:02,1693684860,162.48,190.14,0.0,0.0,8.48,8974.5,-8.48,-8974.5
2023-09-02 21:02,2023-09-02 21:03,1693684920,161.05,190.14,1.4299999999999784,0.0,8.5,8974.5,-8.5,-8974.5
2023-09-02 21:03,2023-09-02 21:04,1693684980,161.05,190.14,0.0,0.0,8.52,8974.5,-8.52,-8974.5
2023-09-02 21:04,2023-09-02 21:05,1693685040,161.05,190.14,0.0,0.0,8.53,8974.5,-8.53,-8974.5
2023-09-02 21:05,2023-09-02 21:06,1693685100,161.05,190.14,0.0,0.0,8.55,8974.5,-8.55,-8974.5
2023-09-02 21:06,2023-09-02 21:07,1693685160,161.05,190.14,0.0,0.0,8.57,8974.5,-8.57,-8974.5
2023-09-02 21:07,2023-09-02 21:08,1693685220,159.62,190.14,1.4300000000000068,0.0,8.58,8974.5,-8.58,-8974.5
2023-09-02 21:08,2023-09-02 21:09,1693685280,162.48,190.14,0.0,0.0,8.6,8974.5,-8.6,-8974.5
2023-09-02 21:09,2023-09-02 21:10,1693685340,159.62,190.14,2.859999999999985,0.0,8.62,8974.5,-8.62,-8974.5
2023-09-02 21:10,2023-09-02 21:11,1693685400,161.05,190.14,0.0,0.0,8.64,8974.5,-8.64,-8974.5
2023-09-02 21:11,2023-09-02 21:12,1693685460,161.05,190.14,0.0,0.0,8.65,8974.5,-8.65,-8974.5
2023-09-02 21:12,2023-09-02 21:13,1693685520,159.62,190.14,1.4300000000000068,0.0,8.67,8974.5,-8.67,-8974.5
2023-09-02 21:13,2023-09-02 21:14,1693685580,161.05,190.14,0.0,0.0,8.68,8974.5,-8.68,-8974.5
2023-09-02 21:14,2023-09-02 21:15,1693685640,159.62,190.14,1.4300000000000068,0.0,8.7,8974.5,-8.7,-8974.5
2023-09-02 21:15,2023-09-02 21:16,1693685700,159.62,190.14,0.0,0.0,8.72,8974.5,-8.72,-8974.5
2023-09-02 21:16,2023-09-02 21:17,1693685760,161.05,190.14,0.0,0.0,8.74,8974.5,-8.74,-8974.5
2023-09-02 21:17,2023-09-02 21:18,1693685820,159.62,190.14,1.4300000000000068,0.0,8.75,8974.5,-8.75,-8974.5
2023-09-02 21:18,2023-09-02 21:19,1693685880,159.62,190.14,0.0,0.0,8.77,8974.5,-8.77,-8974.5
2023-09-02 21:19,2023-09-02 21:20,1693685940,159.62,190.14,0.0,0.0,8.78,8974.5,-8.78,-8974.5
2023-09-02 21:20,2023-09-02 21:21,1693686000,161.05,190.14,0.0,0.0,8.8,8974.5,-8.8,-8974.5
2023-09-02 21:21,2023-09-02 21:22,1693686060,159.62,190.14,1.4300000000000068,0.0,8.82,8974.5,-8.82,-8974.5
2023-09-02 21:22,2023-09-02 21:23,1693686120,159.62,190.14,0.0,0.0,8.84,8974.5,-8.84,-8974.5
2023-09-02 21:23,2023-09-02 21:24,1693686180,159.62,190.14,0.0,0.0,8.85,8974.5,-8.85,-8974.5
2023-09-02 21:24,2023-09-02 21:25,1693686240,161.05,190.14,0.0,0.0,8.87,8974.5,-8.87,-8974.5
2023-09-02 21:25,2023-09-02 21:26,1693686300,158.19,190.14,2.8600000000000136,0.0,8.88,8974.5,-8.88,-8974.5
2023-09-02 21:26,2023-09-02 21:27,1693686360,158.19,190.14,0.0,0.0,8.9,8974.5,-8.9,-8974.5
2023-09-02 21:27,2023-09-02 21:28,1693686420,158.19,190.14,0.0,0.0,8.92,8974.5,-8.92,-8974.5
2023-09-02 21:28,2023-09-02 21:29,1693686480,158.19,190.14,0.0,0.0,8.94,8974.5,-8.94,-8974.5
2023-09-02 21:29,2023-09-02 21:30,1693686540,156.77,190.14,1.4199999999999875,0.0,8.95,8974.5,-8.95,-8974.5
2023-09-02 21:30,2023-09-02 21:31,1693686600,158.19,190.14,0.0,0.0,8.97,8974.5,-8.97,-8974.5
2023-09-02 21:31,2023-09-02 21:32,1693686660,158.19,190.14,0.0,0.0,8.99,8974.5,-8.99,-8974.5
2023-09-02 21:32,2023-09-02 21:33,1693686720,158.19,190.14,0.0,0.0,9.0,8974.5,-9.0,-8974.5
2023-09-02 21:33,2023-09-02 21:34,1693686780,159.62,190.14,0.0,0.0,9.02,8974.5,-9.02,-8974.5
2023-09-02 21:34,2023-09-02 21:35,1693686840,158.19,190.14,1.4300000000000068,0.0,9.04,8974.5,-9.04,-8974.5
2023-09-02 21:35,2023-09-02 21:36,1693686900,158.19,190.14,0.0,0.0,9.05,8974.5,-9.05,-8974.5
2023-09-02 21:36,2023-09-02 21:37,1693686960,158.19,190.14,0.0,0.0,9.07,8974.5,-9.07,-8974.5
2023-09-02 21:37,2023-09-02 21:38,1693687020,156.77,190.14,1.4199999999999875,0.0,9.09,8974.5,-9.09,-8974.5
2023-09-02 21:38,2023-09-02 21:39,1693687080,156.77,190.14,0.0,0.0,9.1,8974.5,-9.1,-8974.5
2023-09-02 21:39,2023-09-02 21:40,1693687140,158.19,190.14,0.0,0.0,9.12,8974.5,-9.12,-8974.5
2023-09-02 21:40,2023-09-02 21:41,1693687200,156.77,190.14,1.4199999999999875,0.0,9.14,8974.5,-9.14,-8974.5
2023-09-02 21:41,2023-09-02 21:42,1693687260,158.19,190.14,0.0,0.0,9.15,8974.5,-9.15,-8974.5
2023-09-02 21:42,2023-09-02 21:43,1693687320,158.19,190.14,0.0,0.0,9.17,8974.5,-9.17,-8974.5
2023-09-02 21:43,2023-09-02 21:44,1693687380,156.77,190.14,1.4199999999999875,0.0,9.19,8974.5,-9.19,-8974.5
2023-09-02 21:44,2023-09-02 21:45,1693687440,158.19,190.14,0.0,0.0,9.2,8974.5,-9.2,-8974.5
2023-09-02 21:45,2023-09-02 21:46,1693687500,156.77,190.14,1.4199999999999875,0.0,9.22,8974.5,-9.22,-8974.5
2023-09-02 21:46,2023-09-02 21:47,1693687560,156.77,190.14,0.0,0.0,9.24,8974.5,-9.24,-8974.5
2023-09-02 21:47,2023-09-02 21:48,1693687620,156.77,190.14,0.0,0.0,9.25,8974.5,-9.25,-8974.5
2023-09-02 21:48,2023-09-02 21:49,1693687680,156.77,190.14,0.0,0.0,9.27,8974.5,-9.27,-8974.5
2023-09-02 21:49,2023-09-02 21:50,1693687740,156.77,190.14,0.0,0.0,9.29,8974.5,-9.29,-8974.5
2023-09-02 21:50,2023-09-02 21:51,1693687800,156.77,190.14,0.0,0.0,9.3,8974.5,-9.3,-8974.5
2023-09-02 21:51,2023-09-02 21:52,1693687860,155.34,190.14,1.4300000000000068,0.0,9.32,8974.5,-9.32,-8974.5
2023-09-02 21:52,2023-09-02 21:53,1693687920,155.34,190.14,0.0,0.0,9.34,8974.5,-9.34,-8974.5
2023-09-02 21:53,2023-09-02 21:54,1693687980,155.34,190.14,0.0,0.0,9.35,8974.5,-9.35,-8974.5
2023-09-02 21:54,2023-09-02 21:55,1693688040,156.77,190.14,0.0,0.0,9.37,8974.5,-9.37,-8974.5
2023-09-02 21:55,2023-09-02 21:56,1693688100,155.34,190.14,1.4300000000000068,0.0,9.39,8974.5,-9.39,-8974.5
2023-09-02 21:56,2023-09-02 21:57,1693688160,156.77,190.14,0.0,0.0,9.4,8974.5,-9.4,-8974.5
2023-09-02 21:57,2023-09-02 21:58,1693688220,155.34,190.14,1.4300000000000068,0.0,9.42,8974.5,-9.42,-8974.5
2023-09-02 21:58,2023-09-02 21:59,1693688280,153.91,190.14,1.4300000000000068,0.0,9.44,8974.5,-9.44,-8974.5
2023-09-02 21:59,2023-09-02 22:00,1693688340,153.91,190.14,0.0,0.0,9.45,8974.5,-9.45,-8974.5
2023-09-02 22:00,2023-09-02 22:01,1693688400,155.34,190.14,0.0,0.0,9.47,8974.5,-9.47,-8974.5
2023-09-02 22:01,2023-09-02 22:02,1693688460,155.34,190.14,0.0,0.0,9.49,8974.5,-9.49,-8974.5
2023-09-02 22:02,2023-09-02 22:03,1693688520,155.34,190.14,0.0,0.0,9.5,8974.5,-9.5,-8974.5
2023-09-02 22:03,2023-09-02 22:04,1693688580,155.34,190.14,0.0,0.0,9.52,8974.5,-9.52,-8974.5
2023-09-02 22:04,2023-09-02 22:05,1693688640,155.34,190.14,0.0,0.0,9.54,8974.5,-9.54,-8974.5
2023-09-02 22:05,2023-09-02 22:06,1693688700,155.34,190.14,0.0,0.0,9.55,8974.5,-9.55,-8974.5
2023-09-02 22:06,2023-09-02 22:07,1693688760,155.34,190.14,0.0,0.0,9.57,8974.5,-9.57,-8974.5
2023-09-02 22:07,2023-09-02 22:08,1693688820,153.91,190.14,1.4300000000000068,0.0,9.59,8974.5,-9.59,-8974.5
2023-09-02 22:08,2023-09-02 22:09,1693688880,153.91,190.14,0.0,0.0,9.6,8974.5,-9.6,-8974.5
2023-09-02 22:09,2023-09-02 22:10,1693688940,153.91,190.14,0.0,0.0,9.62,8974.5,-9.62,-8974.5
2023-09-02 22:10,2023-09-02 22:11,1693689000,153.91,190.14,0.0,0.0,9.64,8974.5,-9.64,-8974.5
2023-09-02 22:11,2023-09-02 22:12,1693689060,155.34,190.14,0.0,0.0,9.65,8974.5,-9.65,-8974.5
2023-09-02 22:12,2023-09-02 22:13,1693689120,153.91,190.14,1.4300000000000068,0.0,9.67,8974.5,-9.67,-8974.5
2023-09-02 22:13,2023-09-02 22:14,1693689180,153.91,190.14,0.0,0.0,9.69,8974.5,-9.69,-8974.5
2023-09-02 22:14,2023-09-02 22:15,1693689240,155.34,191.64,0.0,0.0,9.7,8974.5,-9.7,-8974.5
2023-09-02 22:15,2023-09-02 22:16,1693689300,152.48,190.14,2.8600000000000136,1.5,9.72,8974.5,-9.72,-8974.5
2023-09-02 22:16,2023-09-02 22:17,1693689360,153.91,190.14,0.0,0.0,9.74,8974.5,-9.74,-8974.5
2023-09-02 22:17,2023-09-02 22:18,1693689420,153.91,190.14,0.0,0.0,9.75,8974.5,-9.75,-8974.5
2023-09-02 22:18,2023-09-02 22:19,1693689480,153.91,190.14,0.0,0.0,9.77,8974.5,-9.77,-8974.5
2023-09-02 22:19,2023-09-02 22:20,1693689540,153.91,190.14,0.0,0.0,9.79,8974.5,-9.79,-8974.5
2023-09-02 22:20,2023-09-02 22:21,1693689600,152.48,190.14,1.4300000000000068,0.0,9.8,8974.5,-9.8,-8974.5
2023-09-02 22:21,2023-09-02 22:22,1693689660,153.91,190.14,0.0,0.0,9.82,8974.5,-9.82,-8974.5
2023-09-02 22:22,2023-09-02 22:23,1693689720,152.48,190.14,1.4300000000000068,0.0,9.84,8974.5,-9.84,-8974.5
2023-09-02 22:23,2023-09-02 22:24,1693689780,153.91,190.14,0.0,0.0,9.85,8974.5,-9.85,-8974.5
2023-09-02 22:24,2023-09-02 22:25,1693689840,153.91,190.14,0.0,0.0,9.87,8974.5,-9.87,-8974.5
2023-09-02 22:25,2023-09-02 22:26,1693689900,151.06,190.14,2.8499999999999943,0.0,9.89,8974.5,-9.89,-8974.5
2023-09-02 22:26,2023-09-02 22:27,1693689960,151.06,190.14,0.0,0.0,9.9,8974.5,-9.9,-8974.5
2023-09-02 22:27,2023-09-02 22:28,1693690020,152.48,190.14,0.0,0.0,9.92,8974.5,-9.92,-8974.5
2023-09-02 22:28,2023-09-02 22:29,1693690080,152.48,190.14,0.0,0.0,9.94,8974.5,-9.94,-8974.5
2023-09-02 22:29,2023-09-02 22:30,1693690140,152.48,190.14,0.0,0.0,9.95,8974.5,-9.95,-8974.5
2023-09-02 22:30,2023-09-02 22:31,1693690200,152.48,190.14,0.0,0.0,9.97,8974.5,-9.97,-8974.5
2023-09-02 22:31,2023-09-02 22:32,1693690260,152.48,190.14,0.0,0.0,9.99,8974.5,-9.99,-8974.5
2023-09-02 22:32,2023-09-02 22:33,1693690320,152.48,190.14,0.0,0.0,10.0,8974.5,-10.0,-8974.5
2023-09-02 22:33,2023-09-02 22:34,1693690380,153.91,190.14,0.0,0.0,10.02,8974.5,-10.02,-8974.5
2023-09-02 22:34,2023-09-02 22:35,1693690440,152.48,190.14,1.4300000000000068,0.0,10.04,8974.5,-10.04,-8974.5
2023-09-02 22:35,2023-09-02 22:36,1693690500,151.06,190.14,1.4199999999999875,0.0,10.05,8974.5,-10.05,-8974.5
2023-09-02 22:36,2023-09-02 22:37,1693690560,151.06,190.14,0.0,0.0,10.07,8974.5,-10.07,-8974.5
2023-09-02 22:37,2023-09-02 22:38,1693690620,151.06,190.14,0.0,0.0,10.09,8974.5,-10.09,-8974.5
2023-09-02 22:38,2023-09-02 22:39,1693690680,152.48,190.14,0.0,0.0,10.1,8974.5,-10.1,-8974.5
2023-09-02 22:39,2023-09-02 22:40,1693690740,151.06,190.14,1.4199999999999875,0.0,10.12,8974.5,-10.12,-8974.5
2023-09-02 22:40,2023-09-02 22:41,1693690800,152.48,190.14,0.0,0.0,10.14,8974.5,-10.14,-8974.5
2023-09-02 22:41,2023-09-02 22:42,1693690860,152.48,190.14,0.0,0.0,10.15,8974.5,-10.15,-8974.5
2023-09-02 22:42,2023-09-02 22:43,1693690920,151.06,190.14,1.4199999999999875,0.0,10.17,8974.5,-10.17,-8974.5
2023-09-02 22:43,2023-09-02 22:44,1693690980,151.06,190.14,0.0,0.0,10.19,8974.5,-10.19,-8974.5
2023-09-02 22:44,2023-09-02 22:45,1693691040,151.06,190.14,0.0,0.0,10.2,8974.5,-10.2,-8974.5
2023-09-02 22:45,2023-09-02 22:46,1693691100,151.06,190.14,0.0,0.0,10.22,8974.5,-10.22,-8974.5
2023-09-02 22:46,2023-09-02 22:47,1693691160,151.06,190.14,0.0,0.0,10.24,8974.5,-10.24,-8974.5
2023-09-02 22:47,2023-09-02 22:48,1693691220,149.63,190.14,1.4300000000000068,0.0,10.25,8974.5,-10.25,-8974.5
2023-09-02 22:48,2023-09-02 22:49,1693691280,149.63,190.14,0.0,0.0,10.27,8974.5,-10.27,-8974.5
2023-09-02 22:49,2023-09-02 22:50,1693691340,149.63,190.14,0.0,0.0,10.29,8974.5,-10.29,-8974.5
2023-09-02 22:50,2023-09-02 22:51,1693691400,151.06,190.14,0.0,0.0,10.3,8974.5,-10.3,-8974.5
2023-09-02 22:51,2023-09-02 22:52,1693691460,149.63,190.14,1.4300000000000068,0.0,10.32,8974.5,-10.32,-8974.5
2023-09-02 22:52,2023-09-02 22:53,1693691520,149.63,190.14,0.0,0.0,10.34,8974.5,-10.34,-8974.5
2023-09-02 22:53,2023-09-02 22:54,1693691580,151.06,190.14,0.0,0.0,10.35,8974.5,-10.35,-8974.5
2023-09-02 22:54,2023-09-02 22:55,1693691640,151.06,190.14,0.0,0.0,10.37,8974.5,-10.37,-8974.5
2023-09-02 22:55,2023-09-02 22:56,1693691700,149.63,190.14,1.4300000000000068,0.0,10.39,8974.5,-10.39,-8974.5
2023-09-02 22:56,2023-09-02 22:57,1693691760,148.2,190.14,1.4300000000000068,0.0,10.4,8974.5,-10.4,-8974.5
2023-09-02 22:57,2023-09-02 22:58,1693691820,151.06,190.14,0.0,0.0,10.42,8974.5,-10.42,-8974.5
2023-09-02 22:58,2023-09-02 22:59,1693691880,148.2,190.14,2.8600000000000136,0.0,10.44,8974.5,-10.44,-8974.5
2023-09-02 22:59,2023-09-02 23:00,1693691940,149.63,190.14,0.0,0.0,10.45,8974.5,-10.45,-8974.5
2023-09-02 23:00,2023-09-02 23:01,1693692000,151.06,190.14,0.0,0.0,10.47,8974.5,-10.47,-8974.5
2023-09-02 23:01,2023-09-02 23:02,1693692060,149.63,190.14,1.4300000000000068,0.0,10.49,8974.5,-10.49,-8974.5
2023-09-02 23:02,2023-09-02 23:03,1693692120,148.2,190.14,1.4300000000000068,0.0,10.5,8974.5,-10.5,-8974.5
2023-09-02 23:03,2023-09-02 23:04,1693692180,148.2,191.64,0.0,0.0,10.52,8974.5,-10.52,-8974.5
2023-09-02 23:04,2023-09-02 23:05,1693692240,148.2,190.14,0.0,1.5,10.54,8974.5,-10.54,-8974.5
2023-09-02 23:05,2023-09-02 23:06,1693692300,149.63,190.14,0.0,0.0,10.55,8974.5,-10.55,-8974.5
2023-09-02 23:06,2023-09-02 23:07,1693692360,148.2,190.14,1.4300000000000068,0.0,10.57,8974.5,-10.57,-8974.5
2023-09-02 23:07,2023-09-02 23:08,1693692420,149.63,190.14,0.0,0.0,10.59,8974.5,-10.59,-8974.5
2023-09-02 23:08,2023-09-02 23:09,1693692480,148.2,190.14,1.4300000000000068,0.0,10.6,8974.5,-10.6,-8974.5
2023-09-02 23:09,2023-09-02 23:10,1693692540,148.2,190.14,0.0,0.0,10.62,8974.5,-10.62,-8974.5
2023-09-02 23:10,2023-09-02 23:11,1693692600,146.77,190.14,1.4299999999999784,0.0,10.64,8974.5,-10.64,-8974.5
2023-09-02 23:11,2023-09-02 23:12,1693692660,148.2,190.14,0.0,0.0,10.65,8974.5,-10.65,-8974.5
2023-09-02 23:12,2023-09-02 23:13,1693692720,148.2,190.14,0.0,0.0,10.67,8974.5,-10.67,-8974.5
2023-09-02 23:13,2023-09-02 23:14,1693692780,148.2,190.14,0.0,0.0,10.69,8974.5,-10.69,-8974.5
2023-09-02 23:14,2023-09-02 23:15,1693692840,148.2,190.14,0.0,0.0,10.7,8974.5,-10.7,-8974.5
2023-09-02 23:15,2023-09-02 23:16,1693692900,148.2,190.14,0.0,0.0,10.72,8974.5,-10.72,-8974.5
2023-09-02 23:16,2023-09-02 23:17,1693692960,148.2,190.14,0.0,0.0,10.74,8974.5,-10.74,-8974.5
2023-09-02 23:17,2023-09-02 23:18,1693693020,149.63,190.14,0.0,0.0,10.75,8974.5,-10.75,-8974.5
2023-09-02 23:18,2023-09-02 23:19,1693693080,145.35,190.14,4.280000000000001,0.0,10.77,8974.5,-10.77,-8974.5
2023-09-02 23:19,2023-09-02 23:20,1693693140,148.2,190.14,0.0,0.0,10.79,8974.5,-10.79,-8974.5
2023-09-02 23:20,2023-09-02 23:21,1693693200,146.77,190.14,1.4299999999999784,0.0,10.8,8974.5,-10.8,-8974.5
2023-09-02 23:21,2023-09-02 23:22,1693693260,148.2,190.14,0.0,0.0,10.82,8974.5,-10.82,-8974.5
2023-09-02 23:22,2023-09-02 23:23,1693693320,146.77,190.14,1.4299999999999784,0.0,10.84,8974.5,-10.84,-8974.5
2023-09-02 23:23,2023-09-02 23:24,1693693380,146.77,190.14,0.0,0.0,10.85,8974.5,-10.85,-8974.5
2023-09-02 23:24,2023-09-02 23:25,1693693440,146.77,190.14,0.0,0.0,10.87,8974.5,-10.87,-8974.5
2023-09-02 23:25,2023-09-02 23:26,1693693500,145.35,190.14,1.420000000000016,0.0,10.89,8974.5,-10.89,-8974.5
2023-09-02 23:26,2023-09-02 23:27,1693693560,146.77,190.14,0.0,0.0,10.9,8974.5,-10.9,-8974.5
2023-09-02 23:27,2023-09-02 23:28,1693693620,146.77,190.14,0.0,0.0,10.92,8974.5,-10.92,-8974.5
2023-09-02 23:28,2023-09-02 23:29,1693693680,148.2,190.14,0.0,0.0,10.94,8974.5,-10.94,-8974.5
2023-09-02 23:29,2023-09-02 23:30,1693693740,145.35,190.14,2.8499999999999943,0.0,10.95,8974.5,-10.95,-8974.5
2023-09-02 23:30,2023-09-02 23:31,1693693800,146.77,190.14,0.0,0.0,10.97,8974.5,-10.97,-8974.5
2023-09-02 23:31,2023-09-02 23:32,1693693860,145.35,190.14,1.420000000000016,0.0,10.99,8974.5,-10.99,-8974.5
2023-09-02 23:32,2023-09-02 23:33,1693693920,146.77,190.14,0.0,0.0,11.0,8974.5,-11.0,-8974.5
2023-09-02 23:33,2023-09-02 23:34,1693693980,145.35,190.14,1.420000000000016,0.0,11.02,8974.5,-11.02,-8974.5
2023-09-02 23:34,2023-09-02 23:35,1693694040,145.35,190.14,0.0,0.0,11.04,8974.5,-11.04,-8974.5
2023-09-02 23:35,2023-09-02 23:36,1693694100,143.92,190.14,1.4300000000000068,0.0,11.05,8974.5,-11.05,-8974.5
2023-09-02 23:36,2023-09-02 23:37,1693694160,143.92,190.14,0.0,0.0,11.07,8974.5,-11.07,-8974.5
2023-09-02 23:37,2023-09-02 23:38,1693694220,145.35,190.14,0.0,0.0,11.09,8974.5,-11.09,-8974.5
2023-09-02 23:38,2023-09-02 23:39,1693694280,146.77,190.14,0.0,0.0,11.1,8974.5,-11.1,-8974.5
2023-09-02 23:39,2023-09-02 23:40,1693694340,145.35,190.14,1.420000000000016,0.0,11.12,8974.5,-11.12,-8974.5
2023-09-02 23:40,2023-09-02 23:41,1693694400,145.35,190.14,0.0,0.0,11.14,8974.5,-11.14,-8974.5
2023-09-02 23:41,2023-09-02 23:42,1693694460,143.92,190.14,1.4300000000000068,0.0,11.15,8974.5,-11.15,-8974.5
2023-09-02 23:42,2023-09-02 23:43,1693694520,143.92,190.14,0.0,0.0,11.17,8974.5,-11.17,-8974.5
2023-09-02 23:43,2023-09-02 23:44,1693694580,145.35,190.14,0.0,0.0,11.19,8974.5,-11.19,-8974.5
2023-09-02 23:44,2023-09-02 23:45,1693694640,143.92,190.14,1.4300000000000068,0.0,11.2,8974.5,-11.2,-8974.5
2023-09-02 23:45,2023-09-02 23:46,1693694700,143.92,190.14,0.0,0.0,11.22,8974.5,-11.22,-8974.5
2023-09-02 23:46,2023-09-02 23:47,1693694760,146.77,190.14,0.0,0.0,11.24,8974.5,-11.24,-8974.5
2023-09-02 23:47,2023-09-02 23:48,1693694820,143.92,190.14,2.8500000000000227,0.0,11.25,8974.5,-11.25,-8974.5
2023-09-02 23:48,2023-09-02 23:49,1693694880,145.35,191.64,0.0,0.0,11.27,8974.5,-11.27,-8974.5
2023-09-02 23:49,2023-09-02 23:50,1693694940,143.92,190.14,1.4300000000000068,1.5,11.29,8974.5,-11.29,-8974.5
2023-09-02 23:50,2023-09-02 23:51,1693695000,145.35,190.14,0.0,0.0,11.3,8974.5,-11.3,-8974.5
2023-09-02 23:51,2023-09-02 23:52,1693695060,143.92,190.14,1.4300000000000068,0.0,11.32,8974.5,-11.32,-8974.5
2023-09-02 23:52,2023-09-02 23:53,1693695120,143.92,190.14,0.0,0.0,11.34,8974.5,-11.34,-8974.5
2023-09-02 23:53,2023-09-02 23:54,1693695180,142.49,190.14,1.4299999999999784,0.0,11.35,8974.5,-11.35,-8974.5
2023-09-02 23:54,2023-09-02 23:55,1693695240,142.49,190.14,0.0,0.0,11.37,8974.5,-11.37,-8974.5
2023-09-02 23:55,2023-09-02 23:56,1693695300,142.49,190.14,0.0,0.0,11.39,8974.5,-11.39,-8974.5
2023-09-02 23:56,2023-09-02 23:57,1693695360,142.49,190.14,0.0,0.0,11.4,8974.5,-11.4,-8974.5
2023-09-02 23:57,2023-09-02 23:58,1693695420,142.49,190.14,0.0,0.0,11.42,8974.5,-11.42,-8974.5
2023-09-02 23:58,2023-09-02 23:59,1693695480,145.35,190.14,0.0,0.0,11.44,8974.5,-11.44,-8974.5
