2023-05-13 00:00,1683932400,110.82,305.61,0.0,0.0,209.88,0.0,0.0,0.0
2023-05-13 00:01,1683932460,110.82,305.61,0.0,0.0,209.88,0.0,0.0,0.0
2023-05-13 00:02,1683932520,110.82,305.61,0.0,0.0,209.88,0.0,0.0,0.0
2023-05-13 00:03,1683932580,110.82,305.61,0.0,0.0,209.88,0.0,0.0,0.0
2023-05-13 00:04,1683932640,110.82,305.61,0.0,0.0,209.88,0.0,0.0,0.0
2023-05-13 00:05,1683932700,110.82,305.61,0.0,0.0,209.88,0.0,0.0,0.0
2023-05-13 00:06,1683932760,110.82,305.61,0.0,0.0,209.88,0.0,0.0,0.0
2023-05-13 00:07,1683932820,110.82,305.61,0.0,0.0,209.88,0.0,0.0,0.0
2023-05-13 00:08,1683932880,110.82,305.61,0.0,0.0,209.88,0.0,0.0,0.0
2023-05-13 00:09,1683932940,110.82,305.61,0.0,0.0,209.88,0.0,0.0,0.0
2023-05-13 00:10,1683933000,110.82,305.61,0.0,0.0,209.88,0.0,0.0,0.0
2023-05-13 00:11,1683933060,110.82,305.61,0.0,0.0,209.88,0.0,0.0,0.0
2023-05-13 00:12,1683933120,110.82,305.61,0.0,0.0,209.88,0.0,0.0,0.0
2023-05-13 00:13,1683933180,110.82,305.61,0.0,0.0,209.88,0.0,0.0,0.0
2023-05-13 00:14,1683933240,110.82,305.61,0.0,0.0,209.88,0.0,0.0,0.0
2023-05-13 00:15,1683933300,110.82,305.61,0.0,0.0,209.88,0.0,0.0,0.0
2023-05-13 00:16,1683933360,110.82,305.61,0.0,0.0,209.88,0.0,0.0,0.0
2023-05-13 00:17,1683933420,110.82,305.61,0.0,0.0,209.88,0.0,0.0,0.0
2023-05-13 00:18,1683933480,110.82,305.61,0.0,0.0,209.88,0.0,0.0,0.0
2023-05-13 00:19,1683933540,110.82,305.61,0.0,0.0,209.88,0.0,0.0,0.0
2023-05-13 00:20,1683933600,110.82,305.61,0.0,0.0,209.88,0.0,0.0,0.0
2023-05-13 00:21,1683933660,110.82,305.61,0.0,0.0,209.88,0.0,0.0,0.0
2023-05-13 00:22,1683933720,110.82,305.61,0.0,0.0,209.88,0.0,0.0,0.0
2023-05-13 00:23,1683933780,110.82,305.61,0.0,0.0,209.88,0.0,0.0,0.0
2023-05-13 00:24,1683933840,110.82,305.61,0.0,0.0,209.88,0.0,0.0,0.0
2023-05-13 00:25,1683933900,110.82,305.61,0.0,0.0,209.88,0.0,0.0,0.0
2023-05-13 00:26,1683933960,110.82,305.61,0.0,0.0,209.88,0.0,0.0,0.0
2023-05-13 00:27,1683934020,110.82,305.61,0.0,0.0,209.88,0.0,0.0,0.0
2023-05-13 00:28,1683934080,110.82,305.61,0.0,0.0,209.88,0.0,0.0,0.0
2023-05-13 00:29,1683934140,110.82,305.61,0.0,0.0,209.88,0.0,0.0,0.0
2023-05-13 00:30,1683934200,110.82,305.61,0.0,0.0,209.88,0.0,0.0,0.0
2023-05-13 00:31,1683934260,110.82,305.61,0.0,0.0,209.88,0.0,0.0,0.0
2023-05-13 00:32,1683934320,110.82,305.61,0.0,0.0,209.88,0.0,0.0,0.0
2023-05-13 00:33,1683934380,110.82,305.61,0.0,0.0,209.88,0.0,0.0,0.0
2023-05-13 00:34,1683934440,110.82,305.61,0.0,0.0,209.88,0.0,0.0,0.0
2023-05-13 00:35,1683934500,110.82,305.61,0.0,0.0,209.88,0.0,0.0,0.0
2023-05-13 00:36,1683934560,110.82,305.61,0.0,0.0,209.88,0.0,0.0,0.0
2023-05-13 00:37,1683934620,110.82,305.61,0.0,0.0,209.88,0.0,0.0,0.0
2023-05-13 00:38,1683934680,110.82,305.61,0.0,0.0,209.88,0.0,0.0,0.0
2023-05-13 00:39,1683934740,110.82,305.61,0.0,0.0,209.88,0.0,0.0,0.0
2023-05-13 00:40,1683934800,110.82,305.61,0.0,0.0,209.88,0.0,0.0,0.0
2023-05-13 00:41,1683934860,110.82,305.61,0.0,0.0,209.88,0.0,0.0,0.0
2023-05-13 00:42,1683934920,110.82,305.61,0.0,0.0,209.88,0.0,0.0,0.0
2023-05-13 00:43,1683934980,110.82,305.61,0.0,0.0,209.88,0.0,0.0,0.0
2023-05-13 00:44,1683935040,110.82,305.61,0.0,0.0,209.88,0.0,0.0,0.0
2023-05-13 00:45,1683935100,110.82,305.61,0.0,0.0,209.88,0.0,0.0,0.0
2023-05-13 00:46,1683935160,110.82,305.61,0.0,0.0,209.88,0.0,0.0,0.0
2023-05-13 00:47,1683935220,110.82,305.61,0.0,0.0,209.88,0.0,0.0,0.0
2023-05-13 00:48,1683935280,110.82,305.61,0.0,0.0,209.88,0.0,0.0,0.0
2023-05-13 00:49,1683935340,110.82,305.61,0.0,0.0,209.88,0.0,0.0,0.0
2023-05-13 00:50,1683935400,110.82,305.61,0.0,0.0,209.88,0.0,0.0,0.0
2023-05-13 00:51,1683935460,110.82,305.61,0.0,0.0,209.88,0.0,0.0,0.0
2023-05-13 00:52,1683935520,110.82,305.61,0.0,0.0,209.88,0.0,0.0,0.0
2023-05-13 00:53,1683935580,110.82,305.61,0.0,0.0,209.88,0.0,0.0,0.0
2023-05-13 00:54,1683935640,110.82,305.61,0.0,0.0,209.88,0.0,0.0,0.0
2023-05-13 00:55,1683935700,110.82,305.61,0.0,0.0,209.88,0.0,0.0,0.0
2023-05-13 00:56,1683935760,110.82,305.61,0.0,0.0,209.88,0.0,0.0,0.0
2023-05-13 00:57,1683935820,110.82,305.61,0.0,0.0,209.88,0.0,0.0,0.0
2023-05-13 00:58,1683935880,110.82,305.61,0.0,0.0,209.88,0.0,0.0,0.0
2023-05-13 00:59,1683935940,110.82,305.61,0.0,0.0,209.88,0.0,0.0,0.0
2023-05-13 01:00,1683936000,110.82,305.61,0.0,0.0,209.88,0.0,0.0,0.0
2023-05-13 01:01,1683936060,110.82,305.61,0.0,0.0,209.88,0.0,0.0,0.0
2023-05-13 01:02,1683936120,110.82,305.61,0.0,0.0,209.88,0.0,0.0,0.0
2023-05-13 01:03,1683936180,110.82,305.61,0.0,0.0,209.88,0.0,0.0,0.0
2023-05-13 01:04,1683936240,110.82,305.61,0.0,0.0,209.88,0.0,0.0,0.0
2023-05-13 01:05,1683936300,110.82,305.61,0.0,0.0,209.88,0.0,0.0,0.0
2023-05-13 01:06,1683936360,110.82,305.61,0.0,0.0,209.88,0.0,0.0,0.0
2023-05-13 01:07,1683936420,110.82,305.61,0.0,0.0,209.88,0.0,0.0,0.0
2023-05-13 01:08,1683936480,110.82,305.61,0.0,0.0,209.88,0.0,0.0,0.0
2023-05-13 01:09,1683936540,110.82,305.61,0.0,0.0,209.88,0.0,0.0,0.0
2023-05-13 01:10,1683936600,110.82,305.61,0.0,0.0,209.88,0.0,0.0,0.0
2023-05-13 01:11,1683936660,110.82,305.61,0.0,0.0,209.88,0.0,0.0,0.0
2023-05-13 01:12,1683936720,110.82,305.61,0.0,0.0,209.88,0.0,0.0,0.0
2023-05-13 01:13,1683936780,110.82,305.61,0.0,0.0,209.88,0.0,0.0,0.0
2023-05-13 01:14,1683936840,110.82,305.61,0.0,0.0,209.88,0.0,0.0,0.0
2023-05-13 01:15,1683936900,110.82,305.61,0.0,0.0,209.88,0.0,0.0,0.0
2023-05-13 01:16,1683936960,110.82,305.61,0.0,0.0,209.88,0.0,0.0,0.0
2023-05-13 01:17,1683937020,110.82,305.61,0.0,0.0,209.88,0.0,0.0,0.0
2023-05-13 01:18,1683937080,110.82,305.61,0.0,0.0,209.88,0.0,0.0,0.0
2023-05-13 01:19,1683937140,110.82,305.61,0.0,0.0,209.88,0.0,0.0,0.0
2023-05-13 01:20,1683937200,110.82,305.61,0.0,0.0,209.88,0.0,0.0,0.0
2023-05-13 01:21,1683937260,110.82,305.61,0.0,0.0,209.88,0.0,0.0,0.0
2023-05-13 01:22,1683937320,110.82,305.61,0.0,0.0,209.88,0.0,0.0,0.0
2023-05-13 01:23,1683937380,110.82,305.61,0.0,0.0,209.88,0.0,0.0,0.0
2023-05-13 01:24,1683937440,110.82,305.61,0.0,0.0,209.88,0.0,0.0,0.0
2023-05-13 01:25,1683937500,110.82,305.61,0.0,0.0,209.88,0.0,0.0,0.0
2023-05-13 01:26,1683937560,110.82,305.61,0.0,0.0,209.88,0.0,0.0,0.0
2023-05-13 01:27,1683937620,110.82,305.61,0.0,0.0,209.88,0.0,0.0,0.0
2023-05-13 01:28,1683937680,110.82,305.61,0.0,0.0,209.88,0.0,0.0,0.0
2023-05-13 01:29,1683937740,110.82,305.61,0.0,0.0,209.88,0.0,0.0,0.0
2023-05-13 01:30,1683937800,110.82,305.61,0.0,0.0,209.88,0.0,0.0,0.0
2023-05-13 01:31,1683937860,110.82,305.61,0.0,0.0,209.88,0.0,0.0,0.0
2023-05-13 01:32,1683937920,110.82,305.61,0.0,0.0,209.88,0.0,0.0,0.0
2023-05-13 01:33,1683937980,110.82,305.61,0.0,0.0,209.88,0.0,0.0,0.0
2023-05-13 01:34,1683938040,110.82,305.61,0.0,0.0,209.88,0.0,0.0,0.0
2023-05-13 01:35,1683938100,110.82,305.61,0.0,0.0,209.88,0.0,0.0,0.0
2023-05-13 01:36,1683938160,110.82,305.61,0.0,0.0,209.88,0.0,0.0,0.0
2023-05-13 01:37,1683938220,110.82,305.61,0.0,0.0,209.88,0.0,0.0,0.0
2023-05-13 01:38,1683938280,110.82,305.61,0.0,0.0,209.88,0.0,0.0,0.0
2023-05-13 01:39,1683938340,110.82,305.61,0.0,0.0,209.88,0.0,0.0,0.0
2023-05-13 01:40,1683938400,110.82,305.61,0.0,0.0,209.88,0.0,0.0,0.0
2023-05-13 01:41,1683938460,110.82,305.61,0.0,0.0,209.88,0.0,0.0,0.0
2023-05-13 01:42,1683938520,110.82,305.61,0.0,0.0,209.88,0.0,0.0,0.0
2023-05-13 01:43,1683938580,110.82,305.61,0.0,0.0,209.88,0.0,0.0,0.0
2023-05-13 01:44,1683938640,110.82,305.61,0.0,0.0,209.88,0.0,0.0,0.0
2023-05-13 01:45,1683938700,110.82,305.61,0.0,0.0,209.88,0.0,0.0,0.0
2023-05-13 01:46,1683938760,110.82,305.61,0.0,0.0,209.88,0.0,0.0,0.0
2023-05-13 01:47,1683938820,110.82,305.61,0.0,0.0,209.88,0.0,0.0,0.0
2023-05-13 01:48,1683938880,110.82,305.61,0.0,0.0,209.88,0.0,0.0,0.0
2023-05-13 01:49,1683938940,110.82,305.61,0.0,0.0,209.88,0.0,0.0,0.0
2023-05-13 01:50,1683939000,110.82,305.61,0.0,0.0,209.88,0.0,0.0,0.0
2023-05-13 01:51,1683939060,110.82,305.61,0.0,0.0,209.88,0.0,0.0,0.0
2023-05-13 01:52,1683939120,110.82,305.61,0.0,0.0,209.88,0.0,0.0,0.0
2023-05-13 01:53,1683939180,110.82,305.61,0.0,0.0,209.88,0.0,0.0,0.0
2023-05-13 01:54,1683939240,110.82,305.61,0.0,0.0,209.88,0.0,0.0,0.0
2023-05-13 01:55,1683939300,110.82,305.61,0.0,0.0,209.88,0.0,0.0,0.0
2023-05-13 01:56,1683939360,110.82,305.61,0.0,0.0,209.88,0.0,0.0,0.0
2023-05-13 01:57,1683939420,110.82,305.61,0.0,0.0,209.88,0.0,0.0,0.0
2023-05-13 01:58,1683939480,110.82,305.61,0.0,0.0,209.88,0.0,0.0,0.0
2023-05-13 01:59,1683939540,110.82,305.61,0.0,0.0,209.88,0.0,0.0,0.0
2023-05-13 02:00,1683939600,110.82,305.61,0.0,0.0,209.88,0.0,0.0,0.0
2023-05-13 02:01,1683939660,110.82,305.61,0.0,0.0,209.88,0.0,0.0,0.0
2023-05-13 02:02,1683939720,110.82,305.61,0.0,0.0,209.88,0.0,0.0,0.0
2023-05-13 02:03,1683939780,110.82,305.61,0.0,0.0,209.88,0.0,0.0,0.0
2023-05-13 02:04,1683939840,110.82,305.61,0.0,0.0,209.88,0.0,0.0,0.0
2023-05-13 02:05,1683939900,110.82,305.61,0.0,0.0,209.88,0.0,0.0,0.0
2023-05-13 02:06,1683939960,110.82,305.61,0.0,0.0,209.88,0.0,0.0,0.0
2023-05-13 02:07,1683940020,110.82,305.61,0.0,0.0,209.88,0.0,0.0,0.0
2023-05-13 02:08,1683940080,110.82,305.61,0.0,0.0,209.88,0.0,0.0,0.0
2023-05-13 02:09,1683940140,110.82,305.61,0.0,0.0,209.88,0.0,0.0,0.0
2023-05-13 02:10,1683940200,110.82,305.61,0.0,0.0,209.88,0.0,0.0,0.0
2023-05-13 02:11,1683940260,110.82,305.61,0.0,0.0,209.88,0.0,0.0,0.0
2023-05-13 02:12,1683940320,110.82,305.61,0.0,0.0,209.88,0.0,0.0,0.0
2023-05-13 02:13,1683940380,110.82,305.61,0.0,0.0,209.88,0.0,0.0,0.0
2023-05-13 02:14,1683940440,110.82,305.61,0.0,0.0,209.88,0.0,0.0,0.0
2023-05-13 02:15,1683940500,110.82,305.61,0.0,0.0,209.88,0.0,0.0,0.0
2023-05-13 02:16,1683940560,110.82,305.61,0.0,0.0,209.88,0.0,0.0,0.0
2023-05-13 02:17,1683940620,110.82,305.61,0.0,0.0,209.88,0.0,0.0,0.0
2023-05-13 02:18,1683940680,110.82,305.61,0.0,0.0,209.88,0.0,0.0,0.0
2023-05-13 02:19,1683940740,110.82,305.61,0.0,0.0,209.88,0.0,0.0,0.0
2023-05-13 02:20,1683940800,110.82,305.61,0.0,0.0,209.88,0.0,0.0,0.0
2023-05-13 02:21,1683940860,110.82,305.61,0.0,0.0,209.88,0.0,0.0,0.0
2023-05-13 02:22,1683940920,110.82,305.61,0.0,0.0,209.88,0.0,0.0,0.0
2023-05-13 02:23,1683940980,110.82,305.61,0.0,0.0,209.88,0.0,0.0,0.0
2023-05-13 02:24,1683941040,110.82,305.61,0.0,0.0,209.88,0.0,0.0,0.0
2023-05-13 02:25,1683941100,110.82,305.61,0.0,0.0,209.88,0.0,0.0,0.0
2023-05-13 02:26,1683941160,110.82,305.61,0.0,0.0,209.88,0.0,0.0,0.0
2023-05-13 02:27,1683941220,110.82,305.61,0.0,0.0,209.88,0.0,0.0,0.0
2023-05-13 02:28,1683941280,110.82,305.61,0.0,0.0,209.88,0.0,0.0,0.0
2023-05-13 02:29,1683941340,110.82,305.61,0.0,0.0,209.88,0.0,0.0,0.0
2023-05-13 02:30,1683941400,110.82,305.61,0.0,0.0,209.88,0.0,0.0,0.0
2023-05-13 02:31,1683941460,110.82,305.61,0.0,0.0,209.88,0.0,0.0,0.0
2023-05-13 02:32,1683941520,110.82,305.61,0.0,0.0,209.88,0.0,0.0,0.0
2023-05-13 02:33,1683941580,110.82,305.61,0.0,0.0,209.88,0.0,0.0,0.0
2023-05-13 02:34,1683941640,110.82,305.61,0.0,0.0,209.88,0.0,0.0,0.0
2023-05-13 02:35,1683941700,110.82,305.61,0.0,0.0,209.88,0.0,0.0,0.0
2023-05-13 02:36,1683941760,110.82,305.61,0.0,0.0,209.88,0.0,0.0,0.0
2023-05-13 02:37,1683941820,110.82,305.61,0.0,0.0,209.88,0.0,0.0,0.0
2023-05-13 02:38,1683941880,110.82,305.61,0.0,0.0,209.88,0.0,0.0,0.0
2023-05-13 02:39,1683941940,110.82,305.61,0.0,0.0,209.88,0.0,0.0,0.0
2023-05-13 02:40,1683942000,110.82,305.61,0.0,0.0,209.88,0.0,0.0,0.0
2023-05-13 02:41,1683942060,110.82,305.61,0.0,0.0,209.88,0.0,0.0,0.0
2023-05-13 02:42,1683942120,110.82,305.61,0.0,0.0,209.88,0.0,0.0,0.0
2023-05-13 02:43,1683942180,110.82,305.61,0.0,0.0,209.88,0.0,0.0,0.0
2023-05-13 02:44,1683942240,110.82,305.61,0.0,0.0,209.88,0.0,0.0,0.0
2023-05-13 02:45,1683942300,110.82,305.61,0.0,0.0,209.88,0.0,0.0,0.0
2023-05-13 02:46,1683942360,110.82,305.61,0.0,0.0,209.88,0.0,0.0,0.0
2023-05-13 02:47,1683942420,110.82,305.61,0.0,0.0,209.88,0.0,0.0,0.0
2023-05-13 02:48,1683942480,110.82,305.61,0.0,0.0,209.88,0.0,0.0,0.0
2023-05-13 02:49,1683942540,110.82,305.61,0.0,0.0,209.88,0.0,0.0,0.0
2023-05-13 02:50,1683942600,110.82,305.61,0.0,0.0,209.88,0.0,0.0,0.0
2023-05-13 02:51,1683942660,110.82,305.61,0.0,0.0,209.88,0.0,0.0,0.0
2023-05-13 02:52,1683942720,110.82,305.61,0.0,0.0,209.88,0.0,0.0,0.0
2023-05-13 02:53,1683942780,110.82,305.61,0.0,0.0,209.88,0.0,0.0,0.0
2023-05-13 02:54,1683942840,110.82,305.61,0.0,0.0,209.88,0.0,0.0,0.0
2023-05-13 02:55,1683942900,110.82,305.61,0.0,0.0,209.88,0.0,0.0,0.0
2023-05-13 02:56,1683942960,110.82,305.61,0.0,0.0,209.88,0.0,0.0,0.0
2023-05-13 02:57,1683943020,110.82,305.61,0.0,0.0,209.88,0.0,0.0,0.0
2023-05-13 02:58,1683943080,110.82,305.61,0.0,0.0,209.88,0.0,0.0,0.0
2023-05-13 02:59,1683943140,110.82,305.61,0.0,0.0,209.88,0.0,0.0,0.0
2023-05-13 03:00,1683943200,110.82,305.61,0.0,0.0,209.88,0.0,0.0,0.0
2023-05-13 03:01,1683943260,110.82,305.61,0.0,0.0,209.88,0.0,0.0,0.0
2023-05-13 03:02,1683943320,110.82,305.61,0.0,0.0,209.88,0.0,0.0,0.0
2023-05-13 03:03,1683943380,110.82,305.61,0.0,0.0,209.88,0.0,0.0,0.0
2023-05-13 03:04,1683943440,110.82,305.61,0.0,0.0,209.88,0.0,0.0,0.0
2023-05-13 03:05,1683943500,110.82,305.61,0.0,0.0,209.88,0.0,0.0,0.0
2023-05-13 03:06,1683943560,110.82,305.61,0.0,0.0,209.88,0.0,0.0,0.0
2023-05-13 03:07,1683943620,110.82,305.61,0.0,0.0,209.88,0.0,0.0,0.0
2023-05-13 03:08,1683943680,110.82,305.61,0.0,0.0,209.88,0.0,0.0,0.0
2023-05-13 03:09,1683943740,110.82,305.61,0.0,0.0,209.88,0.0,0.0,0.0
2023-05-13 03:10,1683943800,110.82,305.61,0.0,0.0,209.88,0.0,0.0,0.0
2023-05-13 03:11,1683943860,110.82,305.61,0.0,0.0,209.88,0.0,0.0,0.0
2023-05-13 03:12,1683943920,110.82,305.61,0.0,0.0,209.88,0.0,0.0,0.0
2023-05-13 03:13,1683943980,110.82,305.61,0.0,0.0,209.88,0.0,0.0,0.0
2023-05-13 03:14,1683944040,110.82,305.61,0.0,0.0,209.88,0.0,0.0,0.0
2023-05-13 03:15,1683944100,110.82,305.61,0.0,0.0,209.88,0.0,0.0,0.0
2023-05-13 03:16,1683944160,110.82,305.61,0.0,0.0,209.88,0.0,0.0,0.0
2023-05-13 03:17,1683944220,110.82,305.61,0.0,0.0,209.88,0.0,0.0,0.0
2023-05-13 03:18,1683944280,110.82,305.61,0.0,0.0,209.88,0.0,0.0,0.0
2023-05-13 03:19,1683944340,110.82,305.61,0.0,0.0,209.88,0.0,0.0,0.0
2023-05-13 03:20,1683944400,110.82,305.61,0.0,0.0,209.88,0.0,0.0,0.0
2023-05-13 03:21,1683944460,110.82,305.61,0.0,0.0,209.88,0.0,0.0,0.0
2023-05-13 03:22,1683944520,110.82,305.61,0.0,0.0,209.88,0.0,0.0,0.0
2023-05-13 03:23,1683944580,110.82,305.61,0.0,0.0,209.88,0.0,0.0,0.0
2023-05-13 03:24,1683944640,110.82,305.61,0.0,0.0,209.88,0.0,0.0,0.0
2023-05-13 03:25,1683944700,110.82,305.61,0.0,0.0,209.88,0.0,0.0,0.0
2023-05-13 03:26,1683944760,110.82,305.61,0.0,0.0,209.88,0.0,0.0,0.0
2023-05-13 03:27,1683944820,110.82,305.61,0.0,0.0,209.88,0.0,0.0,0.0
2023-05-13 03:28,1683944880,110.82,305.61,0.0,0.0,209.88,0.0,0.0,0.0
2023-05-13 03:29,1683944940,110.82,305.61,0.0,0.0,209.88,0.0,0.0,0.0
2023-05-13 03:30,1683945000,110.82,305.61,0.0,0.0,209.88,0.0,0.0,0.0
2023-05-13 03:31,1683945060,110.82,305.61,0.0,0.0,209.88,0.0,0.0,0.0
2023-05-13 03:32,1683945120,110.82,305.61,0.0,0.0,209.88,0.0,0.0,0.0
2023-05-13 03:33,1683945180,110.82,305.61,0.0,0.0,209.88,0.0,0.0,0.0
2023-05-13 03:34,1683945240,110.82,305.61,0.0,0.0,209.88,0.0,0.0,0.0
2023-05-13 03:35,1683945300,110.82,305.61,0.0,0.0,209.88,0.0,0.0,0.0
2023-05-13 03:36,1683945360,110.82,305.61,0.0,0.0,209.88,0.0,0.0,0.0
2023-05-13 03:37,1683945420,110.82,305.61,0.0,0.0,209.88,0.0,0.0,0.0
2023-05-13 03:38,1683945480,110.82,305.61,0.0,0.0,209.88,0.0,0.0,0.0
2023-05-13 03:39,1683945540,110.82,305.61,0.0,0.0,209.88,0.0,0.0,0.0
2023-05-13 03:40,1683945600,110.82,305.61,0.0,0.0,209.88,0.0,0.0,0.0
2023-05-13 03:41,1683945660,110.82,305.61,0.0,0.0,209.88,0.0,0.0,0.0
2023-05-13 03:42,1683945720,110.82,305.61,0.0,0.0,209.88,0.0,0.0,0.0
2023-05-13 03:43,1683945780,110.82,305.61,0.0,0.0,209.88,0.0,0.0,0.0
2023-05-13 03:44,1683945840,110.82,305.61,0.0,0.0,209.88,0.0,0.0,0.0
2023-05-13 03:45,1683945900,110.82,305.61,0.0,0.0,209.88,0.0,0.0,0.0
2023-05-13 03:46,1683945960,110.82,305.61,0.0,0.0,209.88,0.0,0.0,0.0
2023-05-13 03:47,1683946020,110.82,305.61,0.0,0.0,209.88,0.0,0.0,0.0
2023-05-13 03:48,1683946080,110.82,305.61,0.0,0.0,209.88,0.0,0.0,0.0
2023-05-13 03:49,1683946140,110.82,305.61,0.0,0.0,209.88,0.0,0.0,0.0
2023-05-13 03:50,1683946200,110.82,305.61,0.0,0.0,209.88,0.0,0.0,0.0
2023-05-13 03:51,1683946260,110.82,305.61,0.0,0.0,209.88,0.0,0.0,0.0
2023-05-13 03:52,1683946320,110.82,305.61,0.0,0.0,209.88,0.0,0.0,0.0
2023-05-13 03:53,1683946380,110.82,305.61,0.0,0.0,209.88,0.0,0.0,0.0
2023-05-13 03:54,1683946440,110.82,305.61,0.0,0.0,209.88,0.0,0.0,0.0
2023-05-13 03:55,1683946500,110.82,305.61,0.0,0.0,209.88,0.0,0.0,0.0
2023-05-13 03:56,1683946560,110.82,305.61,0.0,0.0,209.88,0.0,0.0,0.0
2023-05-13 03:57,1683946620,110.82,305.61,0.0,0.0,209.88,0.0,0.0,0.0
2023-05-13 03:58,1683946680,110.82,305.61,0.0,0.0,209.88,0.0,0.0,0.0
2023-05-13 03:59,1683946740,110.82,305.61,0.0,0.0,209.88,0.0,0.0,0.0
2023-05-13 04:00,1683946800,110.82,305.61,0.0,0.0,209.88,0.0,0.0,0.0
2023-05-13 04:01,1683946860,110.82,305.61,0.0,0.0,209.88,0.0,0.0,0.0
2023-05-13 04:02,1683946920,110.82,305.61,0.0,0.0,209.88,0.0,0.0,0.0
2023-05-13 04:03,1683946980,110.82,305.61,0.0,0.0,209.88,0.0,0.0,0.0
2023-05-13 04:04,1683947040,110.82,305.61,0.0,0.0,209.88,0.0,0.0,0.0
2023-05-13 04:05,1683947100,110.82,305.61,0.0,0.0,209.88,0.0,0.0,0.0
2023-05-13 04:06,1683947160,110.82,305.61,0.0,0.0,209.88,0.0,0.0,0.0
2023-05-13 04:07,1683947220,110.82,305.61,0.0,0.0,209.88,0.0,0.0,0.0
2023-05-13 04:08,1683947280,110.82,305.61,0.0,0.0,209.88,0.0,0.0,0.0
2023-05-13 04:09,1683947340,110.82,305.61,0.0,0.0,209.88,0.0,0.0,0.0
2023-05-13 04:10,1683947400,110.82,305.61,0.0,0.0,209.88,0.0,0.0,0.0
2023-05-13 04:11,1683947460,110.82,305.61,0.0,0.0,209.88,0.0,0.0,0.0
2023-05-13 04:12,1683947520,110.82,305.61,0.0,0.0,209.88,0.0,0.0,0.0
2023-05-13 04:13,1683947580,110.82,305.61,0.0,0.0,209.88,0.0,0.0,0.0
2023-05-13 04:14,1683947640,110.82,305.61,0.0,0.0,209.88,0.0,0.0,0.0
2023-05-13 04:15,1683947700,110.82,305.61,0.0,0.0,209.88,0.0,0.0,0.0
2023-05-13 04:16,1683947760,110.82,305.61,0.0,0.0,209.88,0.0,0.0,0.0
2023-05-13 04:17,1683947820,110.82,305.61,0.0,0.0,209.88,0.0,0.0,0.0
2023-05-13 04:18,1683947880,110.82,305.61,0.0,0.0,209.88,0.0,0.0,0.0
2023-05-13 04:19,1683947940,110.82,305.61,0.0,0.0,209.88,0.0,0.0,0.0
2023-05-13 04:20,1683948000,110.82,305.61,0.0,0.0,209.88,0.0,0.0,0.0
2023-05-13 04:21,1683948060,110.82,305.61,0.0,0.0,209.88,0.0,0.0,0.0
2023-05-13 04:22,1683948120,110.82,305.61,0.0,0.0,209.88,0.0,0.0,0.0
2023-05-13 04:23,1683948180,110.82,305.61,0.0,0.0,209.88,0.0,0.0,0.0
2023-05-13 04:24,1683948240,110.82,305.61,0.0,0.0,209.88,0.0,0.0,0.0
2023-05-13 04:25,1683948300,110.82,305.61,0.0,0.0,209.88,0.0,0.0,0.0
2023-05-13 04:26,1683948360,110.82,305.61,0.0,0.0,209.88,0.0,0.0,0.0
2023-05-13 04:27,1683948420,110.82,305.61,0.0,0.0,209.88,0.0,0.0,0.0
2023-05-13 04:28,1683948480,110.82,305.61,0.0,0.0,209.88,0.0,0.0,0.0
2023-05-13 04:29,1683948540,110.82,305.61,0.0,0.0,209.88,0.0,0.0,0.0
2023-05-13 04:30,1683948600,110.82,305.61,0.0,0.0,209.88,0.0,0.0,0.0
2023-05-13 04:31,1683948660,110.82,305.61,0.0,0.0,209.88,0.0,0.0,0.0
2023-05-13 04:32,1683948720,110.82,305.61,0.0,0.0,209.88,0.0,0.0,0.0
2023-05-13 04:33,1683948780,110.82,305.61,0.0,0.0,209.88,0.0,0.0,0.0
2023-05-13 04:34,1683948840,110.82,305.61,0.0,0.0,209.88,0.0,0.0,0.0
2023-05-13 04:35,1683948900,110.82,305.61,0.0,0.0,209.88,0.0,0.0,0.0
2023-05-13 04:36,1683948960,110.82,305.61,0.0,0.0,209.88,0.0,0.0,0.0
2023-05-13 04:37,1683949020,110.82,305.61,0.0,0.0,209.88,0.0,0.0,0.0
2023-05-13 04:38,1683949080,110.82,305.61,0.0,0.0,209.88,0.0,0.0,0.0
2023-05-13 04:39,1683949140,110.82,305.61,0.0,0.0,209.88,0.0,0.0,0.0
2023-05-13 04:40,1683949200,110.82,305.61,0.0,0.0,209.88,0.0,0.0,0.0
2023-05-13 04:41,1683949260,110.82,305.61,0.0,0.0,209.88,0.0,0.0,0.0
2023-05-13 04:42,1683949320,110.82,305.61,0.0,0.0,209.88,0.0,0.0,0.0
2023-05-13 04:43,1683949380,110.82,305.61,0.0,0.0,209.88,0.0,0.0,0.0
2023-05-13 04:44,1683949440,110.82,305.61,0.0,0.0,209.88,0.0,0.0,0.0
2023-05-13 04:45,1683949500,110.82,305.61,0.0,0.0,209.88,0.0,0.0,0.0
2023-05-13 04:46,1683949560,110.82,305.61,0.0,0.0,209.88,0.0,0.0,0.0
2023-05-13 04:47,1683949620,110.82,305.61,0.0,0.0,209.88,0.0,0.0,0.0
2023-05-13 04:48,1683949680,110.82,305.61,0.0,0.0,209.88,0.0,0.0,0.0
2023-05-13 04:49,1683949740,110.82,305.61,0.0,0.0,209.88,0.0,0.0,0.0
2023-05-13 04:50,1683949800,110.82,305.61,0.0,0.0,209.88,0.0,0.0,0.0
2023-05-13 04:51,1683949860,110.82,305.61,0.0,0.0,209.88,0.0,0.0,0.0
2023-05-13 04:52,1683949920,110.82,305.61,0.0,0.0,209.88,0.0,0.0,0.0
2023-05-13 04:53,1683949980,110.82,305.61,0.0,0.0,209.88,0.0,0.0,0.0
2023-05-13 04:54,1683950040,110.82,305.61,0.0,0.0,209.88,0.0,0.0,0.0
2023-05-13 04:55,1683950100,110.82,305.61,0.0,0.0,209.88,0.0,0.0,0.0
2023-05-13 04:56,1683950160,110.82,305.61,0.0,0.0,209.88,0.0,0.0,0.0
2023-05-13 04:57,1683950220,110.82,305.61,0.0,0.0,209.88,0.0,0.0,0.0
2023-05-13 04:58,1683950280,110.82,305.61,0.0,0.0,209.88,0.0,0.0,0.0
2023-05-13 04:59,1683950340,110.82,305.61,0.0,0.0,209.88,0.0,0.0,0.0
2023-05-13 05:00,1683950400,110.82,305.61,0.0,0.0,209.88,0.0,0.0,0.0
2023-05-13 05:01,1683950460,110.82,305.61,0.0,0.0,209.88,0.0,0.0,0.0
2023-05-13 05:02,1683950520,110.82,305.61,0.0,0.0,209.88,0.0,0.0,0.0
2023-05-13 05:03,1683950580,110.82,305.61,0.0,0.0,209.88,0.0,0.0,0.0
2023-05-13 05:04,1683950640,110.82,305.61,0.0,0.0,209.88,0.0,0.0,0.0
2023-05-13 05:05,1683950700,110.82,305.61,0.0,0.0,209.88,0.0,0.0,0.0
2023-05-13 05:06,1683950760,110.82,305.61,0.0,0.0,209.88,0.0,0.0,0.0
2023-05-13 05:07,1683950820,110.82,305.61,0.0,0.0,209.88,0.0,0.0,0.0
2023-05-13 05:08,1683950880.0,110.82,305.61,0.0,0.0,209.88,0.0,0.0,0.0
2023-05-13 05:09,1683950940,110.82,305.61,0.0,0.0,209.88,0.0,0.0,0.0
2023-05-13 05:10,1683951000,110.82,305.61,0.0,0.0,209.88,0.0,0.0,0.0
2023-05-13 05:11,1683951060,110.82,305.61,0.0,0.0,209.88,0.0,0.0,0.0
2023-05-13 05:12,1683951120,110.82,305.61,0.0,0.0,209.88,0.0,0.0,0.0
2023-05-13 05:13,1683951180,110.82,305.61,0.0,0.0,209.88,0.0,0.0,0.0
2023-05-13 05:14,1683951240,110.82,305.61,0.0,0.0,209.88,0.0,0.0,0.0
2023-05-13 05:15,1683951300,110.82,305.61,0.0,0.0,209.88,0.0,0.0,0.0
2023-05-13 05:16,1683951360,110.82,305.61,0.0,0.0,209.88,0.0,0.0,0.0
2023-05-13 05:17,1683951420,110.82,305.61,0.0,0.0,209.88,0.0,0.0,0.0
2023-05-13 05:18,1683951480,110.82,305.61,0.0,0.0,209.88,0.0,0.0,0.0
2023-05-13 05:19,1683951540,110.82,305.61,0.0,0.0,209.88,0.0,0.0,0.0
2023-05-13 05:20,1683951600,110.82,305.61,0.0,0.0,209.88,0.0,0.0,0.0
2023-05-13 05:21,1683951660,110.82,305.61,0.0,0.0,209.88,0.0,0.0,0.0
2023-05-13 05:22,1683951720,110.82,305.61,0.0,0.0,209.88,0.0,0.0,0.0
2023-05-13 05:23,1683951780,110.82,305.61,0.0,0.0,209.88,0.0,0.0,0.0
2023-05-13 05:24,1683951840,110.82,305.61,0.0,0.0,209.88,0.0,0.0,0.0
2023-05-13 05:25,1683951900,110.82,305.61,0.0,0.0,209.88,0.0,0.0,0.0
2023-05-13 05:26,1683951960,110.82,305.61,0.0,0.0,209.88,0.0,0.0,0.0
2023-05-13 05:27,1683952020,110.82,305.61,0.0,0.0,209.88,0.0,0.0,0.0
2023-05-13 05:28,1683952080,110.82,305.61,0.0,0.0,209.88,0.0,0.0,0.0
2023-05-13 05:29,1683952140,110.82,305.61,0.0,0.0,209.88,0.0,0.0,0.0
2023-05-13 05:30,1683952200,110.82,305.61,0.0,0.0,209.88,0.0,0.0,0.0
2023-05-13 05:31,1683952260,110.82,305.61,0.0,0.0,209.88,0.0,0.0,0.0
2023-05-13 05:32,1683952320,110.82,305.61,0.0,0.0,209.88,0.0,0.0,0.0
2023-05-13 05:33,1683952380,110.82,305.61,0.0,0.0,209.88,0.0,0.0,0.0
2023-05-13 05:34,1683952440,110.82,305.61,0.0,0.0,209.88,0.0,0.0,0.0
2023-05-13 05:35,1683952500,110.82,305.61,0.0,0.0,209.88,0.0,0.0,0.0
2023-05-13 05:36,1683952560,110.82,305.61,0.0,0.0,209.88,0.0,0.0,0.0
2023-05-13 05:37,1683952620,110.82,305.61,0.0,0.0,209.88,0.0,0.0,0.0
2023-05-13 05:38,1683952680,110.82,305.61,0.0,0.0,209.88,0.0,0.0,0.0
2023-05-13 05:39,1683952740,110.82,305.61,0.0,0.0,209.88,0.0,0.0,0.0
2023-05-13 05:40,1683952800,110.82,305.61,0.0,0.0,209.88,0.0,0.0,0.0
2023-05-13 05:41,1683952860,110.82,305.61,0.0,0.0,209.88,0.0,0.0,0.0
2023-05-13 05:42,1683952920,110.82,305.61,0.0,0.0,209.88,0.0,0.0,0.0
2023-05-13 05:43,1683952980,110.82,305.61,0.0,0.0,209.88,0.0,0.0,0.0
2023-05-13 05:44,1683953040,110.82,305.61,0.0,0.0,209.88,0.0,0.0,0.0
2023-05-13 05:45,1683953100,110.82,305.61,0.0,0.0,209.88,0.0,0.0,0.0
2023-05-13 05:46,1683953160,110.82,305.61,0.0,0.0,209.88,0.0,0.0,0.0
2023-05-13 05:47,1683953220,110.82,305.61,0.0,0.0,209.88,0.0,0.0,0.0
2023-05-13 05:48,1683953280,110.82,305.61,0.0,0.0,209.88,0.0,0.0,0.0
2023-05-13 05:49,1683953340,110.82,305.61,0.0,0.0,209.88,0.0,0.0,0.0
2023-05-13 05:50,1683953400,110.82,305.61,0.0,0.0,209.88,0.0,0.0,0.0
2023-05-13 05:51,1683953460,110.82,305.61,0.0,0.0,209.88,0.0,0.0,0.0
2023-05-13 05:52,1683953520,110.82,305.61,0.0,0.0,209.88,0.0,0.0,0.0
2023-05-13 05:53,1683953580,110.82,305.61,0.0,0.0,209.88,0.0,0.0,0.0
2023-05-13 05:54,1683953640,110.82,305.61,0.0,0.0,209.88,0.0,0.0,0.0
2023-05-13 05:55,1683953700,110.82,305.61,0.0,0.0,209.88,0.0,0.0,0.0
2023-05-13 05:56,1683953760,110.82,305.61,0.0,0.0,209.88,0.0,0.0,0.0
2023-05-13 05:57,1683953820,110.82,305.61,0.0,0.0,209.88,0.0,0.0,0.0
2023-05-13 05:58,1683953880,110.82,305.61,0.0,0.0,209.88,0.0,0.0,0.0
2023-05-13 05:59,1683953940,110.82,305.61,0.0,0.0,209.88,0.0,0.0,0.0
2023-05-13 06:00,1683954000,110.82,305.61,0.0,0.0,209.88,0.0,0.0,0.0
2023-05-13 06:01,1683954060,110.82,305.61,0.0,0.0,209.88,0.0,0.0,0.0
2023-05-13 06:02,1683954120,110.82,305.61,0.0,0.0,209.88,0.0,0.0,0.0
2023-05-13 06:03,1683954180,110.82,305.61,0.0,0.0,209.88,0.0,0.0,0.0
2023-05-13 06:04,1683954240,110.82,305.61,0.0,0.0,209.88,0.0,0.0,0.0
2023-05-13 06:05,1683954300,110.82,305.61,0.0,0.0,209.88,0.0,0.0,0.0
2023-05-13 06:06,1683954360,110.82,305.61,0.0,0.0,209.88,0.0,0.0,0.0
2023-05-13 06:07,1683954420,110.82,305.61,0.0,0.0,209.88,0.0,0.0,0.0
2023-05-13 06:08,1683954480,110.82,305.61,0.0,0.0,209.88,0.0,0.0,0.0
2023-05-13 06:09,1683954540,110.82,305.61,0.0,0.0,209.88,0.0,0.0,0.0
2023-05-13 06:10,1683954600,110.82,305.61,0.0,0.0,209.88,0.0,0.0,0.0
2023-05-13 06:11,1683954660,110.82,305.61,0.0,0.0,209.88,0.0,0.0,0.0
2023-05-13 06:12,1683954720,110.82,305.61,0.0,0.0,209.88,0.0,0.0,0.0
2023-05-13 06:13,1683954780,110.82,305.61,0.0,0.0,209.88,0.0,0.0,0.0
2023-05-13 06:14,1683954840,110.82,305.61,0.0,0.0,209.88,0.0,0.0,0.0
2023-05-13 06:15,1683954900,110.82,305.61,0.0,0.0,209.88,0.0,0.0,0.0
2023-05-13 06:16,1683954960,110.82,305.61,0.0,0.0,209.88,0.0,0.0,0.0
2023-05-13 06:17,1683955020,110.82,305.61,0.0,0.0,209.88,0.0,0.0,0.0
2023-05-13 06:18,1683955080,110.82,305.61,0.0,0.0,209.88,0.0,0.0,0.0
2023-05-13 06:19,1683955140,110.82,305.61,0.0,0.0,209.88,0.0,0.0,0.0
2023-05-13 06:20,1683955200,110.82,305.61,0.0,0.0,209.88,0.0,0.0,0.0
2023-05-13 06:21,1683955260,110.82,305.61,0.0,0.0,209.88,0.0,0.0,0.0
2023-05-13 06:22,1683955320,110.82,305.61,0.0,0.0,209.88,0.0,0.0,0.0
2023-05-13 06:23,1683955380,110.82,305.61,0.0,0.0,209.88,0.0,0.0,0.0
2023-05-13 06:24,1683955440,110.82,305.61,0.0,0.0,209.88,0.0,0.0,0.0
2023-05-13 06:25,1683955500,110.82,305.61,0.0,0.0,209.88,0.0,0.0,0.0
2023-05-13 06:26,1683955560,110.82,305.61,0.0,0.0,209.88,0.0,0.0,0.0
2023-05-13 06:27,1683955620,110.82,305.61,0.0,0.0,209.88,0.0,0.0,0.0
2023-05-13 06:28,1683955680,110.82,305.61,0.0,0.0,209.88,0.0,0.0,0.0
2023-05-13 06:29,1683955740,110.82,305.61,0.0,0.0,209.88,0.0,0.0,0.0
2023-05-13 06:30,1683955800,110.82,305.61,0.0,0.0,209.88,0.0,0.0,0.0
2023-05-13 06:31,1683955860,110.82,305.61,0.0,0.0,209.88,0.0,0.0,0.0
2023-05-13 06:32,1683955920,110.82,305.61,0.0,0.0,209.88,0.0,0.0,0.0
2023-05-13 06:33,1683955980,110.82,305.61,0.0,0.0,209.88,0.0,0.0,0.0
2023-05-13 06:34,1683956040,110.82,305.61,0.0,0.0,209.88,0.0,0.0,0.0
2023-05-13 06:35,1683956100,110.82,305.61,0.0,0.0,209.88,0.0,0.0,0.0
2023-05-13 06:36,1683956160,110.82,305.61,0.0,0.0,209.88,0.0,0.0,0.0
2023-05-13 06:37,1683956220,110.82,305.61,0.0,0.0,209.88,0.0,0.0,0.0
2023-05-13 06:38,1683956280,110.82,305.61,0.0,0.0,209.88,0.0,0.0,0.0
2023-05-13 06:39,1683956340,110.82,305.61,0.0,0.0,209.88,0.0,0.0,0.0
2023-05-13 06:40,1683956400,110.82,305.61,0.0,0.0,209.88,0.0,0.0,0.0
2023-05-13 06:41,1683956460,110.82,305.61,0.0,0.0,209.88,0.0,0.0,0.0
2023-05-13 06:42,1683956520,110.82,305.61,0.0,0.0,209.88,0.0,0.0,0.0
2023-05-13 06:43,1683956580,110.82,305.61,0.0,0.0,209.88,0.0,0.0,0.0
2023-05-13 06:44,1683956640,110.82,305.61,0.0,0.0,209.88,0.0,0.0,0.0
2023-05-13 06:45,1683956700,110.82,305.61,0.0,0.0,209.88,0.0,0.0,0.0
2023-05-13 06:46,1683956760,110.82,305.61,0.0,0.0,209.88,0.0,0.0,0.0
2023-05-13 06:47,1683956820,110.82,305.61,0.0,0.0,209.88,0.0,0.0,0.0
2023-05-13 06:48,1683956880,110.82,305.61,0.0,0.0,209.88,0.0,0.0,0.0
2023-05-13 06:49,1683956940,110.82,305.61,0.0,0.0,209.88,0.0,0.0,0.0
2023-05-13 06:50,1683957000,110.82,305.61,0.0,0.0,209.88,0.0,0.0,0.0
2023-05-13 06:51,1683957060,110.82,305.61,0.0,0.0,209.88,0.0,0.0,0.0
2023-05-13 06:52,1683957120,110.82,305.61,0.0,0.0,209.88,0.0,0.0,0.0
2023-05-13 06:53,1683957180,110.82,305.61,0.0,0.0,209.88,0.0,0.0,0.0
2023-05-13 06:54,1683957240,110.82,305.61,0.0,0.0,209.88,0.0,0.0,0.0
2023-05-13 06:55,1683957300,110.82,305.61,0.0,0.0,209.88,0.0,0.0,0.0
2023-05-13 06:56,1683957360,110.82,305.61,0.0,0.0,209.88,0.0,0.0,0.0
2023-05-13 06:57,1683957420,110.82,305.61,0.0,0.0,209.88,0.0,0.0,0.0
2023-05-13 06:58,1683957480,110.82,305.61,0.0,0.0,209.88,0.0,0.0,0.0
2023-05-13 06:59,1683957540,110.82,305.61,0.0,0.0,209.88,0.0,0.0,0.0
2023-05-13 07:00,1683957600,110.82,305.61,0.0,0.0,209.88,0.0,0.0,0.0
2023-05-13 07:01,1683957660,110.82,305.61,0.0,0.0,209.88,0.0,0.0,0.0
2023-05-13 07:02,1683957720,110.82,305.61,0.0,0.0,209.88,0.0,0.0,0.0
2023-05-13 07:03,1683957780,110.82,305.61,0.0,0.0,209.88,0.0,0.0,0.0
2023-05-13 07:04,1683957840,110.82,305.61,0.0,0.0,209.88,0.0,0.0,0.0
2023-05-13 07:05,1683957900,110.82,305.61,0.0,0.0,209.88,0.0,0.0,0.0
2023-05-13 07:06,1683957960,110.82,305.61,0.0,0.0,209.88,0.0,0.0,0.0
2023-05-13 07:07,1683958020,110.82,305.61,0.0,0.0,209.88,0.0,0.0,0.0
2023-05-13 07:08,1683958080,110.82,305.61,0.0,0.0,209.88,0.0,0.0,0.0
2023-05-13 07:09,1683958140,110.82,305.61,0.0,0.0,209.88,0.0,0.0,0.0
2023-05-13 07:10,1683958200,110.82,305.61,0.0,0.0,209.88,0.0,0.0,0.0
2023-05-13 07:11,1683958260,110.82,305.61,0.0,0.0,209.88,0.0,0.0,0.0
2023-05-13 07:12,1683958320,110.82,305.61,0.0,0.0,209.88,0.0,0.0,0.0
2023-05-13 07:13,1683958380,110.82,305.61,0.0,0.0,209.88,0.0,0.0,0.0
2023-05-13 07:14,1683958440,110.82,305.61,0.0,0.0,209.88,0.0,0.0,0.0
2023-05-13 07:15,1683958500,110.82,305.61,0.0,0.0,209.88,0.0,0.0,0.0
2023-05-13 07:16,1683958560,110.82,305.61,0.0,0.0,209.88,0.0,0.0,0.0
2023-05-13 07:17,1683958620,110.82,305.61,0.0,0.0,209.88,0.0,0.0,0.0
2023-05-13 07:18,1683958680,110.82,305.61,0.0,0.0,209.88,0.0,0.0,0.0
2023-05-13 07:19,1683958740,110.82,305.61,0.0,0.0,209.88,0.0,0.0,0.0
2023-05-13 07:20,1683958800,110.82,305.61,0.0,0.0,209.88,0.0,0.0,0.0
2023-05-13 07:21,1683958860,110.82,305.61,0.0,0.0,209.88,0.0,0.0,0.0
2023-05-13 07:22,1683958920,110.82,305.61,0.0,0.0,209.88,0.0,0.0,0.0
2023-05-13 07:23,1683958980,110.82,305.61,0.0,0.0,209.88,0.0,0.0,0.0
2023-05-13 07:24,1683959040,110.82,305.61,0.0,0.0,209.88,0.0,0.0,0.0
2023-05-13 07:25,1683959100,110.82,305.61,0.0,0.0,209.88,0.0,0.0,0.0
2023-05-13 07:26,1683959160,110.82,305.61,0.0,0.0,209.88,0.0,0.0,0.0
2023-05-13 07:27,1683959220,110.82,305.61,0.0,0.0,209.88,0.0,0.0,0.0
2023-05-13 07:28,1683959280,110.82,305.61,0.0,0.0,209.88,0.0,0.0,0.0
2023-05-13 07:29,1683959340,110.82,305.61,0.0,0.0,209.88,0.0,0.0,0.0
2023-05-13 07:30,1683959400,110.82,305.61,0.0,0.0,209.88,0.0,0.0,0.0
2023-05-13 07:31,1683959460,110.82,305.61,0.0,0.0,209.88,0.0,0.0,0.0
2023-05-13 07:32,1683959520,110.82,305.61,0.0,0.0,209.88,0.0,0.0,0.0
2023-05-13 07:33,1683959580,110.82,305.61,0.0,0.0,209.88,0.0,0.0,0.0
2023-05-13 07:34,1683959640,110.82,305.61,0.0,0.0,209.88,0.0,0.0,0.0
2023-05-13 07:35,1683959700,110.82,305.61,0.0,0.0,209.88,0.0,0.0,0.0
2023-05-13 07:36,1683959760,110.82,305.61,0.0,0.0,209.88,0.0,0.0,0.0
2023-05-13 07:37,1683959820,110.82,305.61,0.0,0.0,209.88,0.0,0.0,0.0
2023-05-13 07:38,1683959880,110.82,305.61,0.0,0.0,209.88,0.0,0.0,0.0
2023-05-13 07:39,1683959940,110.82,305.61,0.0,0.0,209.88,0.0,0.0,0.0
2023-05-13 07:40,1683960000,110.82,305.61,0.0,0.0,209.88,0.0,0.0,0.0
2023-05-13 07:41,1683960060,110.82,305.61,0.0,0.0,209.88,0.0,0.0,0.0
2023-05-13 07:42,1683960120,110.82,305.61,0.0,0.0,209.88,0.0,0.0,0.0
2023-05-13 07:43,1683960180,110.82,305.61,0.0,0.0,209.88,0.0,0.0,0.0
2023-05-13 07:44,1683960240,110.82,305.61,0.0,0.0,209.88,0.0,0.0,0.0
2023-05-13 07:45,1683960300,110.82,305.61,0.0,0.0,209.88,0.0,0.0,0.0
2023-05-13 07:46,1683960360,110.82,305.61,0.0,0.0,209.88,0.0,0.0,0.0
2023-05-13 07:47,1683960420,110.82,305.61,0.0,0.0,209.88,0.0,0.0,0.0
2023-05-13 07:48,1683960480,110.82,305.61,0.0,0.0,209.88,0.0,0.0,0.0
2023-05-13 07:49,1683960540,110.82,305.61,0.0,0.0,209.88,0.0,0.0,0.0
2023-05-13 07:50,1683960600,110.82,305.61,0.0,0.0,209.88,0.0,0.0,0.0
2023-05-13 07:51,1683960660,110.82,305.61,0.0,0.0,209.88,0.0,0.0,0.0
2023-05-13 07:52,1683960720,110.82,305.61,0.0,0.0,209.88,0.0,0.0,0.0
2023-05-13 07:53,1683960780,110.82,305.61,0.0,0.0,209.88,0.0,0.0,0.0
2023-05-13 07:54,1683960840,110.82,305.61,0.0,0.0,209.88,0.0,0.0,0.0
2023-05-13 07:55,1683960900,110.82,305.61,0.0,0.0,209.88,0.0,0.0,0.0
2023-05-13 07:56,1683960960,110.82,305.61,0.0,0.0,209.88,0.0,0.0,0.0
2023-05-13 07:57,1683961020,110.82,305.61,0.0,0.0,209.88,0.0,0.0,0.0
2023-05-13 07:58,1683961080,110.82,305.61,0.0,0.0,209.88,0.0,0.0,0.0
2023-05-13 07:59,1683961140,110.82,305.61,0.0,0.0,209.88,0.0,0.0,0.0
2023-05-13 08:00,1683961200,110.82,305.61,0.0,0.0,209.88,0.0,0.0,0.0
2023-05-13 08:01,1683961260,110.82,305.61,0.0,0.0,209.88,0.0,0.0,0.0
2023-05-13 08:02,1683961320,110.82,305.61,0.0,0.0,209.88,0.0,0.0,0.0
2023-05-13 08:03,1683961380,110.82,305.61,0.0,0.0,209.88,0.0,0.0,0.0
2023-05-13 08:04,1683961440,110.82,305.61,0.0,0.0,209.88,0.0,0.0,0.0
2023-05-13 08:05,1683961500,110.82,305.61,0.0,0.0,209.88,0.0,0.0,0.0
2023-05-13 08:06,1683961560,110.82,305.61,0.0,0.0,209.88,0.0,0.0,0.0
2023-05-13 08:07,1683961620,110.82,305.61,0.0,0.0,209.88,0.0,0.0,0.0
2023-05-13 08:08,1683961680,110.82,305.61,0.0,0.0,209.88,0.0,0.0,0.0
2023-05-13 08:09,1683961740,110.82,305.61,0.0,0.0,209.88,0.0,0.0,0.0
2023-05-13 08:10,1683961800,110.82,305.61,0.0,0.0,209.88,0.0,0.0,0.0
2023-05-13 08:11,1683961860,110.82,305.61,0.0,0.0,209.88,0.0,0.0,0.0
2023-05-13 08:12,1683961920,110.82,305.61,0.0,0.0,209.88,0.0,0.0,0.0
2023-05-13 08:13,1683961980,110.82,305.61,0.0,0.0,209.88,0.0,0.0,0.0
2023-05-13 08:14,1683962040,110.82,305.61,0.0,0.0,209.88,0.0,0.0,0.0
2023-05-13 08:15,1683962100,110.82,305.61,0.0,0.0,209.88,0.0,0.0,0.0
2023-05-13 08:16,1683962160,110.82,305.61,0.0,0.0,209.88,0.0,0.0,0.0
2023-05-13 08:17,1683962220,110.82,305.61,0.0,0.0,209.88,0.0,0.0,0.0
2023-05-13 08:18,1683962280,110.82,305.61,0.0,0.0,209.88,0.0,0.0,0.0
2023-05-13 08:19,1683962340,110.82,305.61,0.0,0.0,209.88,0.0,0.0,0.0
2023-05-13 08:20,1683962400,110.82,305.61,0.0,0.0,209.88,0.0,0.0,0.0
2023-05-13 08:21,1683962460,115.82,305.61,0.0,0.0,209.88,0.0,0.0,0.0
2023-05-13 08:22,1683962520,119.04,305.61,0.0,0.0,209.88,0.0,0.0,0.0
2023-05-13 08:23,1683962580,122.98,305.61,0.0,0.0,209.88,0.0,0.0,0.0
2023-05-13 08:24,1683962640,127.27,305.61,0.0,0.0,209.88,0.0,0.0,0.0
2023-05-13 08:25,1683962700,131.56,305.61,0.0,0.0,209.88,0.0,0.0,0.0
2023-05-13 08:26,1683962760,135.85,305.61,0.0,0.0,209.88,0.0,0.0,0.0
2023-05-13 08:27,1683962820,140.15,305.61,0.0,0.0,209.88,0.0,0.0,0.0
2023-05-13 08:28,1683962880,144.44,305.61,0.0,0.0,209.88,0.0,0.0,0.0
2023-05-13 08:29,1683962940,148.73,305.61,0.0,0.0,209.88,0.0,0.0,0.0
2023-05-13 08:30,1683963000,153.02,305.61,0.0,0.0,209.88,0.0,0.0,0.0
2023-05-13 08:31,1683963060,157.32,305.61,0.0,0.0,209.88,0.0,0.0,0.0
2023-05-13 08:32,1683963120,161.25,305.61,0.0,0.0,209.88,0.0,0.0,0.0
2023-05-13 08:33,1683963180,165.54,305.61,0.0,0.0,209.88,0.0,0.0,0.0
2023-05-13 08:34,1683963240,169.48,305.61,0.0,0.0,209.88,0.0,0.0,0.0
2023-05-13 08:35,1683963300,173.41,305.61,0.0,0.0,209.88,0.0,0.0,0.0
2023-05-13 08:36,1683963360,177.7,305.61,0.0,0.0,209.88,0.0,0.0,0.0
2023-05-13 08:37,1683963420,181.64,305.61,0.0,0.0,209.88,0.0,0.0,0.0
2023-05-13 08:38,1683963480,185.93,305.61,0.0,0.0,209.88,0.0,0.0,0.0
2023-05-13 08:39,1683963540,189.15,305.61,0.0,0.0,209.88,0.0,0.0,0.0
2023-05-13 08:40,1683963600,192.37,305.61,0.0,0.0,209.88,0.0,0.0,0.0
2023-05-13 08:41,1683963660,192.37,305.61,0.0,0.0,209.88,0.0,0.0,0.0
2023-05-13 08:42,1683963720,192.37,305.61,0.0,0.0,209.88,0.0,0.0,0.0
2023-05-13 08:43,1683963780,192.37,305.61,0.0,0.0,209.88,0.0,0.0,0.0
2023-05-13 08:44,1683963840,192.37,305.61,0.0,0.0,209.88,0.0,0.0,0.0
2023-05-13 08:45,1683963900,192.37,305.61,0.0,0.0,209.88,0.0,0.0,0.0
2023-05-13 08:46,1683963960,192.37,305.61,0.0,0.0,209.88,0.0,0.0,0.0
2023-05-13 08:47,1683964020,192.37,305.61,0.0,0.0,209.88,0.0,0.0,0.0
2023-05-13 08:48,1683964080,192.37,305.61,0.0,0.0,209.88,0.0,0.0,0.0
2023-05-13 08:49,1683964140,192.37,305.61,0.0,0.0,209.88,0.0,0.0,0.0
2023-05-13 08:50,1683964200,192.37,305.61,0.0,0.0,209.88,0.0,0.0,0.0
2023-05-13 08:51,1683964260,192.37,305.61,0.0,0.0,209.88,0.0,0.0,0.0
2023-05-13 08:52,1683964320,192.37,305.61,0.0,0.0,209.88,0.0,0.0,0.0
2023-05-13 08:53,1683964380,192.37,305.61,0.0,0.0,209.88,0.0,0.0,0.0
2023-05-13 08:54,1683964440,192.37,305.61,0.0,0.0,209.88,0.0,0.0,0.0
2023-05-13 08:55,1683964500,192.37,305.61,0.0,0.0,209.88,0.0,0.0,0.0
2023-05-13 08:56,1683964560,192.37,305.61,0.0,0.0,209.88,0.0,0.0,0.0
2023-05-13 08:57,1683964620,192.37,305.61,0.0,0.0,209.88,0.0,0.0,0.0
2023-05-13 08:58,1683964680,192.37,305.61,0.0,0.0,209.88,0.0,0.0,0.0
2023-05-13 08:59,1683964740,192.37,305.61,0.0,0.0,209.88,0.0,0.0,0.0
2023-05-13 09:00,1683964800,192.37,305.61,0.0,0.0,209.88,0.0,0.0,0.0
2023-05-13 09:01,1683964860,192.37,305.61,0.0,0.0,209.88,0.0,0.0,0.0
2023-05-13 09:02,1683964920,192.37,305.61,0.0,0.0,209.88,0.0,0.0,0.0
2023-05-13 09:03,1683964980,192.37,305.61,0.0,0.0,209.88,0.0,0.0,0.0
2023-05-13 09:04,1683965040,192.37,305.61,0.0,0.0,209.88,0.0,0.0,0.0
2023-05-13 09:05,1683965100,192.37,305.61,0.0,0.0,209.88,0.0,0.0,0.0
2023-05-13 09:06,1683965160,192.37,305.61,0.0,0.0,209.88,0.0,0.0,0.0
2023-05-13 09:07,1683965220,192.37,305.61,0.0,0.0,209.88,0.0,0.0,0.0
2023-05-13 09:08,1683965280,192.37,305.61,0.0,0.0,209.88,0.0,0.0,0.0
2023-05-13 09:09,1683965340,192.37,305.61,0.0,0.0,209.88,0.0,0.0,0.0
2023-05-13 09:10,1683965400,192.37,305.61,0.0,0.0,209.88,0.0,0.0,0.0
2023-05-13 09:11,1683965460,192.37,305.61,0.0,0.0,209.88,0.0,0.0,0.0
2023-05-13 09:12,1683965520,192.37,305.61,0.0,0.0,209.88,0.0,0.0,0.0
2023-05-13 09:13,1683965580,192.37,305.61,0.0,0.0,209.88,0.0,0.0,0.0
2023-05-13 09:14,1683965640,192.37,305.61,0.0,0.0,209.88,0.0,0.0,0.0
2023-05-13 09:15,1683965700,192.37,305.61,0.0,0.0,209.88,0.0,0.0,0.0
2023-05-13 09:16,1683965760,192.37,305.61,0.0,0.0,209.88,0.0,0.0,0.0
2023-05-13 09:17,1683965820,192.37,305.61,0.0,0.0,209.88,0.0,0.0,0.0
2023-05-13 09:18,1683965880,192.37,305.61,0.0,0.0,209.88,0.0,0.0,0.0
2023-05-13 09:19,1683965940,192.37,305.61,0.0,0.0,209.88,0.0,0.0,0.0
2023-05-13 09:20,1683966000,192.37,305.61,0.0,0.0,209.88,0.0,0.0,0.0
2023-05-13 09:21,1683966060,192.37,305.61,0.0,0.0,209.88,0.0,0.0,0.0
2023-05-13 09:22,1683966120,192.37,305.61,0.0,0.0,209.88,0.0,0.0,0.0
2023-05-13 09:23,1683966180,192.37,305.61,0.0,0.0,209.88,0.0,0.0,0.0
2023-05-13 09:24,1683966240,192.37,305.61,0.0,0.0,209.88,0.0,0.0,0.0
2023-05-13 09:25,1683966300,192.37,305.61,0.0,0.0,209.88,0.0,0.0,0.0
2023-05-13 09:26,1683966360,192.37,305.61,0.0,0.0,209.88,0.0,0.0,0.0
2023-05-13 09:27,1683966420,192.37,305.61,0.0,0.0,209.88,0.0,0.0,0.0
2023-05-13 09:28,1683966480,192.37,305.61,0.0,0.0,209.88,0.0,0.0,0.0
2023-05-13 09:29,1683966540,192.37,305.61,0.0,0.0,209.88,0.0,0.0,0.0
2023-05-13 09:30,1683966600,192.37,305.61,0.0,0.0,209.88,0.0,0.0,0.0
2023-05-13 09:31,1683966660,192.37,305.61,0.0,0.0,209.88,0.0,0.0,0.0
2023-05-13 09:32,1683966720,192.37,305.61,0.0,0.0,209.88,0.0,0.0,0.0
2023-05-13 09:33,1683966780,192.37,305.61,0.0,0.0,209.88,0.0,0.0,0.0
2023-05-13 09:34,1683966840,192.37,305.61,0.0,0.0,209.88,0.0,0.0,0.0
2023-05-13 09:35,1683966900,192.37,305.61,0.0,0.0,209.88,0.0,0.0,0.0
2023-05-13 09:36,1683966960,192.37,305.61,0.0,0.0,209.88,0.0,0.0,0.0
2023-05-13 09:37,1683967020,192.37,305.61,0.0,0.0,209.88,0.0,0.0,0.0
2023-05-13 09:38,1683967080,192.37,305.61,0.0,0.0,209.88,0.0,0.0,0.0
2023-05-13 09:39,1683967140,192.37,305.61,0.0,0.0,209.88,0.0,0.0,0.0
2023-05-13 09:40,1683967200,192.37,305.61,0.0,0.0,209.88,0.0,0.0,0.0
2023-05-13 09:41,1683967260,192.37,305.61,0.0,0.0,209.88,0.0,0.0,0.0
2023-05-13 09:42,1683967320,192.37,305.61,0.0,0.0,209.88,0.0,0.0,0.0
2023-05-13 09:43,1683967380,192.37,305.61,0.0,0.0,209.88,0.0,0.0,0.0
2023-05-13 09:44,1683967440,192.37,305.61,0.0,0.0,209.88,0.0,0.0,0.0
2023-05-13 09:45,1683967500,192.37,305.61,0.0,0.0,209.88,0.0,0.0,0.0
2023-05-13 09:46,1683967560,192.37,305.61,0.0,0.0,209.88,0.0,0.0,0.0
2023-05-13 09:47,1683967620,192.37,305.61,0.0,0.0,209.88,0.0,0.0,0.0
2023-05-13 09:48,1683967680,192.37,305.61,0.0,0.0,209.88,0.0,0.0,0.0
2023-05-13 09:49,1683967740,192.37,305.61,0.0,0.0,209.88,0.0,0.0,0.0
2023-05-13 09:50,1683967800,192.37,305.61,0.0,0.0,209.88,0.0,0.0,0.0
2023-05-13 09:51,1683967860,192.37,305.61,0.0,0.0,209.88,0.0,0.0,0.0
2023-05-13 09:52,1683967920,192.37,305.61,0.0,0.0,209.88,0.0,0.0,0.0
2023-05-13 09:53,1683967980,192.37,305.61,0.0,0.0,209.88,0.0,0.0,0.0
2023-05-13 09:54,1683968040,192.37,305.61,0.0,0.0,209.88,0.0,0.0,0.0
2023-05-13 09:55,1683968100,192.37,305.61,0.0,0.0,209.88,0.0,0.0,0.0
2023-05-13 09:56,1683968160,192.37,305.61,0.0,0.0,209.88,0.0,0.0,0.0
2023-05-13 09:57,1683968220,192.37,305.61,0.0,0.0,209.88,0.0,0.0,0.0
2023-05-13 09:58,1683968280,192.37,305.61,0.0,0.0,209.88,0.0,0.0,0.0
2023-05-13 09:59,1683968340,192.37,305.61,0.0,0.0,209.88,0.0,0.0,0.0
2023-05-13 10:00,1683968400,192.37,305.61,0.0,0.0,209.88,0.0,0.0,0.0
2023-05-13 10:01,1683968460,192.37,305.61,0.0,0.0,209.88,0.0,0.0,0.0
2023-05-13 10:02,1683968520,192.37,305.61,0.0,0.0,209.88,0.0,0.0,0.0
2023-05-13 10:03,1683968580,192.37,305.61,0.0,0.0,209.88,0.0,0.0,0.0
2023-05-13 10:04,1683968640,192.37,305.61,0.0,0.0,209.88,0.0,0.0,0.0
2023-05-13 10:05,1683968700,192.37,305.61,0.0,0.0,209.88,0.0,0.0,0.0
2023-05-13 10:06,1683968760,192.37,305.61,0.0,0.0,209.88,0.0,0.0,0.0
2023-05-13 10:07,1683968820,192.37,305.61,0.0,0.0,209.88,0.0,0.0,0.0
2023-05-13 10:08,1683968880,192.37,305.61,0.0,0.0,209.88,0.0,0.0,0.0
2023-05-13 10:09,1683968940,192.37,305.61,0.0,0.0,209.88,0.0,0.0,0.0
2023-05-13 10:10,1683969000,192.37,305.61,0.0,0.0,209.88,0.0,0.0,0.0
2023-05-13 10:11,1683969060,192.37,305.61,0.0,0.0,209.88,0.0,0.0,0.0
2023-05-13 10:12,1683969120,192.37,305.61,0.0,0.0,209.88,0.0,0.0,0.0
2023-05-13 10:13,1683969180,192.37,305.61,0.0,0.0,209.88,0.0,0.0,0.0
2023-05-13 10:14,1683969240,192.37,305.61,0.0,0.0,209.88,0.0,0.0,0.0
2023-05-13 10:15,1683969300,192.37,305.61,0.0,0.0,209.88,0.0,0.0,0.0
2023-05-13 10:16,1683969360,192.37,305.61,0.0,0.0,209.88,0.0,0.0,0.0
2023-05-13 10:17,1683969420,192.37,305.61,0.0,0.0,209.88,0.0,0.0,0.0
2023-05-13 10:18,1683969480,192.37,305.61,0.0,0.0,209.88,0.0,0.0,0.0
2023-05-13 10:19,1683969540,192.37,305.61,0.0,0.0,209.88,0.0,0.0,0.0
2023-05-13 10:20,1683969600,192.37,305.61,0.0,0.0,209.88,0.0,0.0,0.0
2023-05-13 10:21,1683969660,192.37,305.61,0.0,0.0,209.88,0.0,0.0,0.0
2023-05-13 10:22,1683969720,192.37,305.61,0.0,0.0,209.88,0.0,0.0,0.0
2023-05-13 10:23,1683969780,192.37,305.61,0.0,0.0,209.88,0.0,0.0,0.0
2023-05-13 10:24,1683969840,192.37,305.61,0.0,0.0,209.88,0.0,0.0,0.0
2023-05-13 10:25,1683969900,192.37,305.61,0.0,0.0,209.88,0.0,0.0,0.0
2023-05-13 10:26,1683969960,192.37,305.61,0.0,0.0,209.88,0.0,0.0,0.0
2023-05-13 10:27,1683970020,192.37,305.61,0.0,0.0,209.88,0.0,0.0,0.0
2023-05-13 10:28,1683970080,192.37,305.61,0.0,0.0,209.88,0.0,0.0,0.0
2023-05-13 10:29,1683970140,192.37,305.61,0.0,0.0,209.88,0.0,0.0,0.0
2023-05-13 10:30,1683970200,192.37,305.61,0.0,0.0,209.88,0.0,0.0,0.0
2023-05-13 10:31,1683970260,192.37,305.61,0.0,0.0,209.88,0.0,0.0,0.0
2023-05-13 10:32,1683970320,192.37,305.61,0.0,0.0,209.88,0.0,0.0,0.0
2023-05-13 10:33,1683970380,192.37,305.61,0.0,0.0,209.88,0.0,0.0,0.0
2023-05-13 10:34,1683970440,192.37,305.61,0.0,0.0,209.88,0.0,0.0,0.0
2023-05-13 10:35,1683970500,192.37,305.61,0.0,0.0,209.88,0.0,0.0,0.0
2023-05-13 10:36,1683970560,192.37,305.61,0.0,0.0,209.88,0.0,0.0,0.0
2023-05-13 10:37,1683970620,192.37,305.61,0.0,0.0,209.88,0.0,0.0,0.0
2023-05-13 10:38,1683970680,192.37,305.61,0.0,0.0,209.88,0.0,0.0,0.0
2023-05-13 10:39,1683970740,192.37,305.61,0.0,0.0,209.88,0.0,0.0,0.0
2023-05-13 10:40,1683970800,192.37,305.61,0.0,0.0,209.88,0.0,0.0,0.0
2023-05-13 10:41,1683970860,192.37,305.61,0.0,0.0,209.88,0.0,0.0,0.0
2023-05-13 10:42,1683970920,192.37,305.61,0.0,0.0,209.88,0.0,0.0,0.0
2023-05-13 10:43,1683970980,192.37,305.61,0.0,0.0,209.88,0.0,0.0,0.0
2023-05-13 10:44,1683971040,192.37,305.61,0.0,0.0,209.88,0.0,0.0,0.0
2023-05-13 10:45,1683971100,192.37,305.61,0.0,0.0,209.88,0.0,0.0,0.0
2023-05-13 10:46,1683971160,192.37,305.61,0.0,0.0,209.88,0.0,0.0,0.0
2023-05-13 10:47,1683971220,192.37,305.61,0.0,0.0,209.88,0.0,0.0,0.0
2023-05-13 10:48,1683971280,192.37,305.61,0.0,0.0,209.88,0.0,0.0,0.0
2023-05-13 10:49,1683971340,192.37,305.61,0.0,0.0,209.88,0.0,0.0,0.0
2023-05-13 10:50,1683971400,192.37,305.61,0.0,0.0,209.88,0.0,0.0,0.0
2023-05-13 10:51,1683971460,192.37,305.61,0.0,0.0,209.88,0.0,0.0,0.0
2023-05-13 10:52,1683971520,192.37,305.61,0.0,0.0,209.88,0.0,0.0,0.0
2023-05-13 10:53,1683971580,192.37,305.61,0.0,0.0,209.88,0.0,0.0,0.0
2023-05-13 10:54,1683971640,192.37,305.61,0.0,0.0,209.88,0.0,0.0,0.0
2023-05-13 10:55,1683971700,192.37,305.61,0.0,0.0,209.88,0.0,0.0,0.0
2023-05-13 10:56,1683971760,192.37,305.61,0.0,0.0,209.88,0.0,0.0,0.0
2023-05-13 10:57,1683971820,192.37,305.61,0.0,0.0,209.88,0.0,0.0,0.0
2023-05-13 10:58,1683971880,192.37,305.61,0.0,0.0,209.88,0.0,0.0,0.0
2023-05-13 10:59,1683971940,192.37,305.61,0.0,0.0,209.88,0.0,0.0,0.0
2023-05-13 11:00,1683972000,192.37,305.61,0.0,0.0,209.88,0.0,0.0,0.0
2023-05-13 11:01,1683972060,192.37,305.61,0.0,0.0,209.88,0.0,0.0,0.0
2023-05-13 11:02,1683972120,192.37,305.61,0.0,0.0,209.88,0.0,0.0,0.0
2023-05-13 11:03,1683972180,192.37,305.61,0.0,0.0,209.88,0.0,0.0,0.0
2023-05-13 11:04,1683972240,192.37,305.61,0.0,0.0,209.88,0.0,0.0,0.0
2023-05-13 11:05,1683972300,192.37,305.61,0.0,0.0,209.88,0.0,0.0,0.0
2023-05-13 11:06,1683972360,192.37,305.61,0.0,0.0,209.88,0.0,0.0,0.0
2023-05-13 11:07,1683972420,192.37,305.61,0.0,0.0,209.88,0.0,0.0,0.0
2023-05-13 11:08,1683972480,192.37,305.61,0.0,0.0,209.88,0.0,0.0,0.0
2023-05-13 11:09,1683972540,192.37,305.61,0.0,0.0,209.88,0.0,0.0,0.0
2023-05-13 11:10,1683972600,192.37,305.61,0.0,0.0,209.88,0.0,0.0,0.0
2023-05-13 11:11,1683972660,192.37,305.61,0.0,0.0,209.88,0.0,0.0,0.0
2023-05-13 11:12,1683972720,192.37,305.61,0.0,0.0,209.88,0.0,0.0,0.0
2023-05-13 11:13,1683972780,192.37,305.61,0.0,0.0,209.88,0.0,0.0,0.0
2023-05-13 11:14,1683972840,192.37,305.61,0.0,0.0,209.88,0.0,0.0,0.0
2023-05-13 11:15,1683972900,192.37,305.61,0.0,0.0,209.88,0.0,0.0,0.0
2023-05-13 11:16,1683972960,192.37,305.61,0.0,0.0,209.88,0.0,0.0,0.0
2023-05-13 11:17,1683973020,192.37,305.61,0.0,0.0,209.88,0.0,0.0,0.0
2023-05-13 11:18,1683973080,192.37,305.61,0.0,0.0,209.88,0.0,0.0,0.0
2023-05-13 11:19,1683973140,192.37,305.61,0.0,0.0,209.88,0.0,0.0,0.0
2023-05-13 11:20,1683973200,192.37,305.61,0.0,0.0,209.88,0.0,0.0,0.0
2023-05-13 11:21,1683973260,192.37,305.61,0.0,0.0,209.88,0.0,0.0,0.0
2023-05-13 11:22,1683973320,192.37,305.61,0.0,0.0,209.88,0.0,0.0,0.0
2023-05-13 11:23,1683973380,192.37,305.61,0.0,0.0,209.88,0.0,0.0,0.0
2023-05-13 11:24,1683973440,192.37,305.61,0.0,0.0,209.88,0.0,0.0,0.0
2023-05-13 11:25,1683973500,192.37,305.61,0.0,0.0,209.88,0.0,0.0,0.0
2023-05-13 11:26,1683973560,192.37,305.61,0.0,0.0,209.88,0.0,0.0,0.0
2023-05-13 11:27,1683973620,192.37,305.61,0.0,0.0,209.88,0.0,0.0,0.0
2023-05-13 11:28,1683973680,192.37,305.61,0.0,0.0,209.88,0.0,0.0,0.0
2023-05-13 11:29,1683973740,192.37,305.61,0.0,0.0,209.88,0.0,0.0,0.0
2023-05-13 11:30,1683973800,192.37,305.61,0.0,0.0,209.88,0.0,0.0,0.0
2023-05-13 11:31,1683973860,192.37,305.61,0.0,0.0,209.88,0.0,0.0,0.0
2023-05-13 11:32,1683973920,192.37,305.61,0.0,0.0,209.88,0.0,0.0,0.0
2023-05-13 11:33,1683973980,192.37,305.61,0.0,0.0,209.88,0.0,0.0,0.0
2023-05-13 11:34,1683974040,192.37,305.61,0.0,0.0,209.88,0.0,0.0,0.0
2023-05-13 11:35,1683974100,192.37,305.61,0.0,0.0,209.88,0.0,0.0,0.0
2023-05-13 11:36,1683974160,192.37,305.61,0.0,0.0,209.88,0.0,0.0,0.0
2023-05-13 11:37,1683974220,192.37,305.61,0.0,0.0,209.88,0.0,0.0,0.0
2023-05-13 11:38,1683974280,192.37,305.61,0.0,0.0,209.88,0.0,0.0,0.0
2023-05-13 11:39,1683974340,192.37,305.61,0.0,0.0,209.88,0.0,0.0,0.0
2023-05-13 11:40,1683974400,192.37,305.61,0.0,0.0,209.88,0.0,0.0,0.0
2023-05-13 11:41,1683974460,192.37,305.61,0.0,0.0,209.88,0.0,0.0,0.0
2023-05-13 11:42,1683974520,192.37,305.61,0.0,0.0,209.88,0.0,0.0,0.0
2023-05-13 11:43,1683974580,192.37,305.61,0.0,0.0,209.88,0.0,0.0,0.0
2023-05-13 11:44,1683974640,192.37,305.61,0.0,0.0,209.88,0.0,0.0,0.0
2023-05-13 11:45,1683974700,192.37,305.61,0.0,0.0,209.88,0.0,0.0,0.0
2023-05-13 11:46,1683974760,192.37,305.61,0.0,0.0,209.88,0.0,0.0,0.0
2023-05-13 11:47,1683974820,192.37,305.61,0.0,0.0,209.88,0.0,0.0,0.0
2023-05-13 11:48,1683974880,192.37,305.61,0.0,0.0,209.88,0.0,0.0,0.0
2023-05-13 11:49,1683974940,192.37,305.61,0.0,0.0,209.88,0.0,0.0,0.0
2023-05-13 11:50,1683975000,192.37,305.61,0.0,0.0,209.88,0.0,0.0,0.0
2023-05-13 11:51,1683975060,192.37,305.61,0.0,0.0,209.88,0.0,0.0,0.0
2023-05-13 11:52,1683975120,192.37,305.61,0.0,0.0,209.88,0.0,0.0,0.0
2023-05-13 11:53,1683975180,192.37,305.61,0.0,0.0,209.88,0.0,0.0,0.0
2023-05-13 11:54,1683975240,192.37,305.61,0.0,0.0,209.88,0.0,0.0,0.0
2023-05-13 11:55,1683975300,192.37,305.61,0.0,0.0,209.88,0.0,0.0,0.0
2023-05-13 11:56,1683975360,192.37,305.61,0.0,0.0,209.88,0.0,0.0,0.0
2023-05-13 11:57,1683975420,192.37,305.61,0.0,0.0,209.88,0.0,0.0,0.0
2023-05-13 11:58,1683975480,192.37,305.61,0.0,0.0,209.88,0.0,0.0,0.0
2023-05-13 11:59,1683975540,192.37,305.61,0.0,0.0,209.88,0.0,0.0,0.0
2023-05-13 12:00,1683975600,192.37,305.61,0.0,0.0,209.88,0.0,0.0,0.0
2023-05-13 12:01,1683975660,192.37,305.61,0.0,0.0,209.88,0.0,0.0,0.0
2023-05-13 12:02,1683975720,192.37,305.61,0.0,0.0,209.88,0.0,0.0,0.0
2023-05-13 12:03,1683975780,192.37,305.61,0.0,0.0,209.88,0.0,0.0,0.0
2023-05-13 12:04,1683975840,192.37,305.61,0.0,0.0,209.88,0.0,0.0,0.0
2023-05-13 12:05,1683975900,192.37,305.61,0.0,0.0,209.88,0.0,0.0,0.0
2023-05-13 12:06,1683975960,192.37,305.61,0.0,0.0,209.88,0.0,0.0,0.0
2023-05-13 12:07,1683976020,192.37,305.61,0.0,0.0,209.88,0.0,0.0,0.0
2023-05-13 12:08,1683976080,192.37,305.61,0.0,0.0,209.88,0.0,0.0,0.0
2023-05-13 12:09,1683976140,192.37,305.61,0.0,0.0,209.88,0.0,0.0,0.0
2023-05-13 12:10,1683976200,192.37,305.61,0.0,0.0,209.88,0.0,0.0,0.0
2023-05-13 12:11,1683976260,192.37,305.61,0.0,0.0,209.88,0.0,0.0,0.0
2023-05-13 12:12,1683976320,192.37,305.61,0.0,0.0,209.88,0.0,0.0,0.0
2023-05-13 12:13,1683976380,192.37,305.61,0.0,0.0,209.88,0.0,0.0,0.0
2023-05-13 12:14,1683976440,192.37,305.61,0.0,0.0,209.88,0.0,0.0,0.0
2023-05-13 12:15,1683976500,192.37,305.61,0.0,0.0,209.88,0.0,0.0,0.0
2023-05-13 12:16,1683976560,192.37,305.61,0.0,0.0,209.88,0.0,0.0,0.0
2023-05-13 12:17,1683976620,192.37,305.61,0.0,0.0,209.88,0.0,0.0,0.0
2023-05-13 12:18,1683976680,192.37,305.61,0.0,0.0,209.88,0.0,0.0,0.0
2023-05-13 12:19,1683976740,192.37,305.61,0.0,0.0,209.88,0.0,0.0,0.0
2023-05-13 12:20,1683976800,192.37,305.61,0.0,0.0,209.88,0.0,0.0,0.0
2023-05-13 12:21,1683976860,192.37,305.61,0.0,0.0,209.88,0.0,0.0,0.0
2023-05-13 12:22,1683976920,192.37,305.61,0.0,0.0,209.88,0.0,0.0,0.0
2023-05-13 12:23,1683976980,192.37,305.61,0.0,0.0,209.88,0.0,0.0,0.0
2023-05-13 12:24,1683977040,192.37,305.61,0.0,0.0,209.88,0.0,0.0,0.0
2023-05-13 12:25,1683977100,192.37,305.61,0.0,0.0,209.88,0.0,0.0,0.0
2023-05-13 12:26,1683977160,192.37,305.61,0.0,0.0,209.88,0.0,0.0,0.0
2023-05-13 12:27,1683977220,192.37,305.61,0.0,0.0,209.88,0.0,0.0,0.0
2023-05-13 12:28,1683977280,192.37,305.61,0.0,0.0,209.88,0.0,0.0,0.0
2023-05-13 12:29,1683977340,192.37,305.61,0.0,0.0,209.88,0.0,0.0,0.0
2023-05-13 12:30,1683977400,192.37,305.61,0.0,0.0,209.88,0.0,0.0,0.0
2023-05-13 12:31,1683977460,192.37,305.61,0.0,0.0,209.88,0.0,0.0,0.0
2023-05-13 12:32,1683977520,192.37,305.61,0.0,0.0,209.88,0.0,0.0,0.0
2023-05-13 12:33,1683977580,192.37,305.61,0.0,0.0,209.88,0.0,0.0,0.0
2023-05-13 12:34,1683977640,192.37,305.61,0.0,0.0,209.88,0.0,0.0,0.0
2023-05-13 12:35,1683977700,192.37,305.61,0.0,0.0,209.88,0.0,0.0,0.0
2023-05-13 12:36,1683977760,192.37,305.61,0.0,0.0,209.88,0.0,0.0,0.0
2023-05-13 12:37,1683977820,192.37,305.61,0.0,0.0,209.88,0.0,0.0,0.0
2023-05-13 12:38,1683977880,192.37,305.61,0.0,0.0,209.88,0.0,0.0,0.0
2023-05-13 12:39,1683977940,192.37,305.61,0.0,0.0,209.88,0.0,0.0,0.0
2023-05-13 12:40,1683978000,192.37,305.61,0.0,0.0,209.88,0.0,0.0,0.0
2023-05-13 12:41,1683978060,192.37,305.61,0.0,0.0,209.88,0.0,0.0,0.0
2023-05-13 12:42,1683978120,192.37,305.61,0.0,0.0,209.88,0.0,0.0,0.0
2023-05-13 12:43,1683978180,192.37,305.61,0.0,0.0,209.88,0.0,0.0,0.0
2023-05-13 12:44,1683978240,192.37,305.61,0.0,0.0,209.88,0.0,0.0,0.0
2023-05-13 12:45,1683978300,192.37,305.61,0.0,0.0,209.88,0.0,0.0,0.0
2023-05-13 12:46,1683978360,192.37,305.61,0.0,0.0,209.88,0.0,0.0,0.0
2023-05-13 12:47,1683978420,192.37,305.61,0.0,0.0,209.88,0.0,0.0,0.0
2023-05-13 12:48,1683978480,192.37,305.61,0.0,0.0,209.88,0.0,0.0,0.0
2023-05-13 12:49,1683978540,192.37,305.61,0.0,0.0,209.88,0.0,0.0,0.0
2023-05-13 12:50,1683978600,192.37,305.61,0.0,0.0,209.88,0.0,0.0,0.0
2023-05-13 12:51,1683978660,192.37,305.61,0.0,0.0,209.88,0.0,0.0,0.0
2023-05-13 12:52,1683978720,192.37,305.61,0.0,0.0,209.88,0.0,0.0,0.0
2023-05-13 12:53,1683978780,192.37,305.61,0.0,0.0,209.88,0.0,0.0,0.0
2023-05-13 12:54,1683978840,192.37,305.61,0.0,0.0,209.88,0.0,0.0,0.0
2023-05-13 12:55,1683978900,192.37,305.61,0.0,0.0,209.88,0.0,0.0,0.0
2023-05-13 12:56,1683978960,192.37,305.61,0.0,0.0,209.88,0.0,0.0,0.0
2023-05-13 12:57,1683979020,192.37,305.61,0.0,0.0,209.88,0.0,0.0,0.0
2023-05-13 12:58,1683979080,192.37,305.61,0.0,0.0,209.88,0.0,0.0,0.0
2023-05-13 12:59,1683979140,192.37,305.61,0.0,0.0,209.88,0.0,0.0,0.0
2023-05-13 13:00,1683979200,192.37,305.61,0.0,0.0,209.88,0.0,0.0,0.0
2023-05-13 13:01,1683979260,192.37,305.61,0.0,0.0,209.88,0.0,0.0,0.0
2023-05-13 13:02,1683979320,192.37,305.61,0.0,0.0,209.88,0.0,0.0,0.0
2023-05-13 13:03,1683979380,192.37,305.61,0.0,0.0,209.88,0.0,0.0,0.0
2023-05-13 13:04,1683979440,192.37,305.61,0.0,0.0,209.88,0.0,0.0,0.0
2023-05-13 13:05,1683979500,192.37,305.61,0.0,0.0,209.88,0.0,0.0,0.0
2023-05-13 13:06,1683979560,192.37,305.61,0.0,0.0,209.88,0.0,0.0,0.0
2023-05-13 13:07,1683979620,192.37,305.61,0.0,0.0,209.88,0.0,0.0,0.0
2023-05-13 13:08,1683979680,192.37,305.61,0.0,0.0,209.88,0.0,0.0,0.0
2023-05-13 13:09,1683979740,192.37,305.61,0.0,0.0,209.88,0.0,0.0,0.0
2023-05-13 13:10,1683979800,192.37,305.61,0.0,0.0,209.88,0.0,0.0,0.0
2023-05-13 13:11,1683979860,192.37,305.61,0.0,0.0,209.88,0.0,0.0,0.0
2023-05-13 13:12,1683979920,192.37,305.61,0.0,0.0,209.88,0.0,0.0,0.0
2023-05-13 13:13,1683979980,192.37,305.61,0.0,0.0,209.88,0.0,0.0,0.0
2023-05-13 13:14,1683980040,192.37,305.61,0.0,0.0,209.88,0.0,0.0,0.0
2023-05-13 13:15,1683980100,192.37,305.61,0.0,0.0,209.88,0.0,0.0,0.0
2023-05-13 13:16,1683980160,192.37,305.61,0.0,0.0,209.88,0.0,0.0,0.0
2023-05-13 13:17,1683980220,192.37,305.61,0.0,0.0,209.88,0.0,0.0,0.0
2023-05-13 13:18,1683980280,192.37,305.61,0.0,0.0,209.88,0.0,0.0,0.0
2023-05-13 13:19,1683980340,192.37,305.61,0.0,0.0,209.88,0.0,0.0,0.0
2023-05-13 13:20,1683980400,192.37,305.61,0.0,0.0,209.88,0.0,0.0,0.0
2023-05-13 13:21,1683980460,192.37,305.61,0.0,0.0,209.88,0.0,0.0,0.0
2023-05-13 13:22,1683980520,192.37,305.61,0.0,0.0,209.88,0.0,0.0,0.0
2023-05-13 13:23,1683980580,192.37,305.61,0.0,0.0,209.88,0.0,0.0,0.0
2023-05-13 13:24,1683980640,192.37,305.61,0.0,0.0,209.88,0.0,0.0,0.0
2023-05-13 13:25,1683980700,192.37,305.61,0.0,0.0,209.88,0.0,0.0,0.0
2023-05-13 13:26,1683980760,192.37,305.61,0.0,0.0,209.88,0.0,0.0,0.0
2023-05-13 13:27,1683980820,192.37,305.61,0.0,0.0,209.88,0.0,0.0,0.0
2023-05-13 13:28,1683980880,192.37,305.61,0.0,0.0,209.88,0.0,0.0,0.0
2023-05-13 13:29,1683980940,192.37,305.61,0.0,0.0,209.88,0.0,0.0,0.0
2023-05-13 13:30,1683981000,192.37,305.61,0.0,0.0,209.88,0.0,0.0,0.0
2023-05-13 13:31,1683981060,192.37,305.61,0.0,0.0,209.88,0.0,0.0,0.0
2023-05-13 13:32,1683981120,192.37,305.61,0.0,0.0,209.88,0.0,0.0,0.0
2023-05-13 13:33,1683981180,192.37,305.61,0.0,0.0,209.88,0.0,0.0,0.0
2023-05-13 13:34,1683981240,192.37,305.61,0.0,0.0,209.88,0.0,0.0,0.0
2023-05-13 13:35,1683981300,192.37,305.61,0.0,0.0,209.88,0.0,0.0,0.0
2023-05-13 13:36,1683981360,192.37,305.61,0.0,0.0,209.88,0.0,0.0,0.0
2023-05-13 13:37,1683981420,192.37,305.61,0.0,0.0,209.88,0.0,0.0,0.0
2023-05-13 13:38,1683981480,192.37,305.61,0.0,0.0,209.88,0.0,0.0,0.0
2023-05-13 13:39,1683981540,192.37,305.61,0.0,0.0,209.88,0.0,0.0,0.0
2023-05-13 13:40,1683981600,192.37,305.61,0.0,0.0,209.88,0.0,0.0,0.0
2023-05-13 13:41,1683981660,192.37,305.61,0.0,0.0,209.88,0.0,0.0,0.0
2023-05-13 13:42,1683981720,192.37,305.61,0.0,0.0,209.88,0.0,0.0,0.0
2023-05-13 13:43,1683981780,192.37,305.61,0.0,0.0,209.88,0.0,0.0,0.0
2023-05-13 13:44,1683981840,192.37,305.61,0.0,0.0,209.88,0.0,0.0,0.0
2023-05-13 13:45,1683981900,192.37,305.61,0.0,0.0,209.88,0.0,0.0,0.0
2023-05-13 13:46,1683981960,192.37,305.61,0.0,0.0,209.88,0.0,0.0,0.0
2023-05-13 13:47,1683982020,192.37,305.61,0.0,0.0,209.88,0.0,0.0,0.0
2023-05-13 13:48,1683982080,192.37,305.61,0.0,0.0,209.88,0.0,0.0,0.0
2023-05-13 13:49,1683982140,192.37,305.61,0.0,0.0,209.88,0.0,0.0,0.0
2023-05-13 13:50,1683982200,192.37,305.61,0.0,0.0,209.88,0.0,0.0,0.0
2023-05-13 13:51,1683982260,192.37,305.61,0.0,0.0,209.88,0.0,0.0,0.0
2023-05-13 13:52,1683982320,192.37,305.61,0.0,0.0,209.88,0.0,0.0,0.0
2023-05-13 13:53,1683982380,192.37,305.61,0.0,0.0,209.88,0.0,0.0,0.0
2023-05-13 13:54,1683982440,192.37,305.61,0.0,0.0,209.88,0.0,0.0,0.0
2023-05-13 13:55,1683982500,192.37,305.61,0.0,0.0,209.88,0.0,0.0,0.0
2023-05-13 13:56,1683982560,192.37,305.61,0.0,0.0,209.88,0.0,0.0,0.0
2023-05-13 13:57,1683982620,192.37,305.61,0.0,0.0,209.88,0.0,0.0,0.0
2023-05-13 13:58,1683982680,192.37,305.61,0.0,0.0,209.88,0.0,0.0,0.0
2023-05-13 13:59,1683982740,192.37,305.61,0.0,0.0,209.88,0.0,0.0,0.0
2023-05-13 14:00,1683982800,192.37,305.61,0.0,0.0,209.88,0.0,0.0,0.0
2023-05-13 14:01,1683982860,192.37,305.61,0.0,0.0,209.88,0.0,0.0,0.0
2023-05-13 14:02,1683982920,192.37,305.61,0.0,0.0,209.88,0.0,0.0,0.0
2023-05-13 14:03,1683982980,192.37,305.61,0.0,0.0,209.88,0.0,0.0,0.0
2023-05-13 14:04,1683983040,192.37,305.61,0.0,0.0,209.88,0.0,0.0,0.0
2023-05-13 14:05,1683983100,192.37,305.61,0.0,0.0,209.88,0.0,0.0,0.0
2023-05-13 14:06,1683983160,192.37,305.61,0.0,0.0,209.88,0.0,0.0,0.0
2023-05-13 14:07,1683983220,192.37,305.61,0.0,0.0,209.88,0.0,0.0,0.0
2023-05-13 14:08,1683983280,192.37,305.61,0.0,0.0,209.88,0.0,0.0,0.0
2023-05-13 14:09,1683983340,192.37,305.61,0.0,0.0,209.88,0.0,0.0,0.0
2023-05-13 14:10,1683983400,192.37,305.61,0.0,0.0,209.88,0.0,0.0,0.0
2023-05-13 14:11,1683983460,192.37,305.61,0.0,0.0,209.88,0.0,0.0,0.0
2023-05-13 14:12,1683983520,192.37,305.61,0.0,0.0,209.88,0.0,0.0,0.0
2023-05-13 14:13,1683983580,192.37,305.61,0.0,0.0,209.88,0.0,0.0,0.0
2023-05-13 14:14,1683983640,192.37,305.61,0.0,0.0,209.88,0.0,0.0,0.0
2023-05-13 14:15,1683983700,192.37,305.61,0.0,0.0,209.88,0.0,0.0,0.0
2023-05-13 14:16,1683983760,192.37,305.61,0.0,0.0,209.88,0.0,0.0,0.0
2023-05-13 14:17,1683983820,192.37,305.61,0.0,0.0,209.88,0.0,0.0,0.0
2023-05-13 14:18,1683983880,192.37,305.61,0.0,0.0,209.88,0.0,0.0,0.0
2023-05-13 14:19,1683983940,192.37,305.61,0.0,0.0,209.88,0.0,0.0,0.0
2023-05-13 14:20,1683984000,192.37,305.61,0.0,0.0,209.88,0.0,0.0,0.0
2023-05-13 14:21,1683984060,192.37,305.61,0.0,0.0,209.88,0.0,0.0,0.0
2023-05-13 14:22,1683984120,192.37,305.61,0.0,0.0,209.88,0.0,0.0,0.0
2023-05-13 14:23,1683984180,192.37,305.61,0.0,0.0,209.88,0.0,0.0,0.0
2023-05-13 14:24,1683984240,192.37,305.61,0.0,0.0,209.88,0.0,0.0,0.0
2023-05-13 14:25,1683984300,192.37,305.61,0.0,0.0,209.88,0.0,0.0,0.0
2023-05-13 14:26,1683984360,192.37,305.61,0.0,0.0,209.88,0.0,0.0,0.0
2023-05-13 14:27,1683984420,192.37,305.61,0.0,0.0,209.88,0.0,0.0,0.0
2023-05-13 14:28,1683984480,192.37,305.61,0.0,0.0,209.88,0.0,0.0,0.0
2023-05-13 14:29,1683984540,192.37,305.61,0.0,0.0,209.88,0.0,0.0,0.0
2023-05-13 14:30,1683984600,192.37,305.61,0.0,0.0,209.88,0.0,0.0,0.0
2023-05-13 14:31,1683984660,192.37,305.61,0.0,0.0,209.88,0.0,0.0,0.0
2023-05-13 14:32,1683984720,192.37,305.61,0.0,0.0,209.88,0.0,0.0,0.0
2023-05-13 14:33,1683984780,192.37,305.61,0.0,0.0,209.88,0.0,0.0,0.0
2023-05-13 14:34,1683984840,192.37,305.61,0.0,0.0,209.88,0.0,0.0,0.0
2023-05-13 14:35,1683984900,192.37,305.61,0.0,0.0,209.88,0.0,0.0,0.0
2023-05-13 14:36,1683984960,192.37,305.61,0.0,0.0,209.88,0.0,0.0,0.0
2023-05-13 14:37,1683985020,192.37,305.61,0.0,0.0,209.88,0.0,0.0,0.0
2023-05-13 14:38,1683985080,192.37,305.61,0.0,0.0,209.88,0.0,0.0,0.0
2023-05-13 14:39,1683985140,192.37,305.61,0.0,0.0,209.88,0.0,0.0,0.0
2023-05-13 14:40,1683985200,192.37,305.61,0.0,0.0,209.88,0.0,0.0,0.0
2023-05-13 14:41,1683985260,192.37,305.61,0.0,0.0,209.88,0.0,0.0,0.0
2023-05-13 14:42,1683985320,192.37,305.61,0.0,0.0,209.88,0.0,0.0,0.0
2023-05-13 14:43,1683985380,192.37,305.61,0.0,0.0,209.88,0.0,0.0,0.0
2023-05-13 14:44,1683985440,192.37,305.61,0.0,0.0,209.88,0.0,0.0,0.0
2023-05-13 14:45,1683985500,192.37,305.61,0.0,0.0,209.88,0.0,0.0,0.0
2023-05-13 14:46,1683985560,192.37,305.61,0.0,0.0,209.88,0.0,0.0,0.0
2023-05-13 14:47,1683985620,192.37,305.61,0.0,0.0,209.88,0.0,0.0,0.0
2023-05-13 14:48,1683985680,192.37,305.61,0.0,0.0,209.88,0.0,0.0,0.0
2023-05-13 14:49,1683985740,192.37,305.61,0.0,0.0,209.88,0.0,0.0,0.0
2023-05-13 14:50,1683985800,192.37,305.61,0.0,0.0,209.88,0.0,0.0,0.0
2023-05-13 14:51,1683985860,192.37,305.61,0.0,0.0,209.88,0.0,0.0,0.0
2023-05-13 14:52,1683985920,192.37,305.61,0.0,0.0,209.88,0.0,0.0,0.0
2023-05-13 14:53,1683985980,192.37,305.61,0.0,0.0,209.88,0.0,0.0,0.0
2023-05-13 14:54,1683986040,192.37,305.61,0.0,0.0,209.88,0.0,0.0,0.0
2023-05-13 14:55,1683986100,192.37,305.61,0.0,0.0,209.88,0.0,0.0,0.0
2023-05-13 14:56,1683986160,192.37,305.61,0.0,0.0,209.88,0.0,0.0,0.0
2023-05-13 14:57,1683986220,192.37,305.61,0.0,0.0,209.88,0.0,0.0,0.0
2023-05-13 14:58,1683986280,192.37,305.61,0.0,0.0,209.88,0.0,0.0,0.0
2023-05-13 14:59,1683986340,192.37,305.61,0.0,0.0,209.88,0.0,0.0,0.0
2023-05-13 15:00,1683986400,192.37,305.61,0.0,0.0,209.88,0.0,0.0,0.0
2023-05-13 15:01,1683986460,192.37,305.61,0.0,0.0,209.88,0.0,0.0,0.0
2023-05-13 15:02,1683986520,192.37,305.61,0.0,0.0,209.88,0.0,0.0,0.0
2023-05-13 15:03,1683986580,192.37,305.61,0.0,0.0,209.88,0.0,0.0,0.0
2023-05-13 15:04,1683986640,192.37,305.61,0.0,0.0,209.88,0.0,0.0,0.0
2023-05-13 15:05,1683986700,192.37,305.61,0.0,0.0,209.88,0.0,0.0,0.0
2023-05-13 15:06,1683986760,192.37,305.61,0.0,0.0,209.88,0.0,0.0,0.0
2023-05-13 15:07,1683986820,192.37,305.61,0.0,0.0,209.88,0.0,0.0,0.0
2023-05-13 15:08,1683986880,192.37,305.61,0.0,0.0,209.88,0.0,0.0,0.0
2023-05-13 15:09,1683986940,192.37,305.61,0.0,0.0,209.88,0.0,0.0,0.0
2023-05-13 15:10,1683987000,192.37,305.61,0.0,0.0,209.88,0.0,0.0,0.0
2023-05-13 15:11,1683987060,192.37,305.61,0.0,0.0,209.88,0.0,0.0,0.0
2023-05-13 15:12,1683987120,192.37,305.61,0.0,0.0,209.88,0.0,0.0,0.0
2023-05-13 15:13,1683987180,192.37,305.61,0.0,0.0,209.88,0.0,0.0,0.0
2023-05-13 15:14,1683987240,192.37,305.61,0.0,0.0,209.88,0.0,0.0,0.0
2023-05-13 15:15,1683987300,192.37,305.61,0.0,0.0,209.88,0.0,0.0,0.0
2023-05-13 15:16,1683987360,192.37,305.61,0.0,0.0,209.88,0.0,0.0,0.0
2023-05-13 15:17,1683987420,192.37,305.61,0.0,0.0,209.88,0.0,0.0,0.0
2023-05-13 15:18,1683987480.0,192.37,305.61,0.0,0.0,209.88,0.0,0.0,0.0
2023-05-13 15:19,1683987540,192.37,305.61,0.0,0.0,209.88,0.0,0.0,0.0
2023-05-13 15:20,1683987600,192.37,305.61,0.0,0.0,209.88,0.0,0.0,0.0
2023-05-13 15:21,1683987660,192.37,305.61,0.0,0.0,209.88,0.0,0.0,0.0
2023-05-13 15:22,1683987720,192.37,305.61,0.0,0.0,209.88,0.0,0.0,0.0
2023-05-13 15:23,1683987780,192.37,305.61,0.0,0.0,209.88,0.0,0.0,0.0
2023-05-13 15:24,1683987840,192.37,305.61,0.0,0.0,209.88,0.0,0.0,0.0
2023-05-13 15:25,1683987900,192.37,305.61,0.0,0.0,209.88,0.0,0.0,0.0
2023-05-13 15:26,1683987960,192.37,305.61,0.0,0.0,209.88,0.0,0.0,0.0
2023-05-13 15:27,1683988020,192.37,305.61,0.0,0.0,209.88,0.0,0.0,0.0
2023-05-13 15:28,1683988080,192.37,305.61,0.0,0.0,209.88,0.0,0.0,0.0
2023-05-13 15:29,1683988140,192.37,305.61,0.0,0.0,209.88,0.0,0.0,0.0
2023-05-13 15:30,1683988200,192.37,305.61,0.0,0.0,209.88,0.0,0.0,0.0
2023-05-13 15:31,1683988260,192.37,305.61,0.0,0.0,209.88,0.0,0.0,0.0
2023-05-13 15:32,1683988320,192.37,305.61,0.0,0.0,209.88,0.0,0.0,0.0
2023-05-13 15:33,1683988380,192.37,305.61,0.0,0.0,209.88,0.0,0.0,0.0
2023-05-13 15:34,1683988440,192.37,305.61,0.0,0.0,209.88,0.0,0.0,0.0
2023-05-13 15:35,1683988500,192.37,305.61,0.0,0.0,209.88,0.0,0.0,0.0
2023-05-13 15:36,1683988560,192.37,305.61,0.0,0.0,209.88,0.0,0.0,0.0
2023-05-13 15:37,1683988620,192.37,305.61,0.0,0.0,209.88,0.0,0.0,0.0
2023-05-13 15:38,1683988680,192.37,305.61,0.0,0.0,209.88,0.0,0.0,0.0
2023-05-13 15:39,1683988740,192.37,305.61,0.0,0.0,209.88,0.0,0.0,0.0
2023-05-13 15:40,1683988800,192.37,305.61,0.0,0.0,209.88,0.0,0.0,0.0
2023-05-13 15:41,1683988860,192.37,305.61,0.0,0.0,209.88,0.0,0.0,0.0
2023-05-13 15:42,1683988920,192.37,305.61,0.0,0.0,209.88,0.0,0.0,0.0
2023-05-13 15:43,1683988980,192.37,305.61,0.0,0.0,209.88,0.0,0.0,0.0
2023-05-13 15:44,1683989040,192.37,305.61,0.0,0.0,209.88,0.0,0.0,0.0
2023-05-13 15:45,1683989100,192.37,305.61,0.0,0.0,209.88,0.0,0.0,0.0
2023-05-13 15:46,1683989160,192.37,305.61,0.0,0.0,209.88,0.0,0.0,0.0
2023-05-13 15:47,1683989220,192.37,305.61,0.0,0.0,209.88,0.0,0.0,0.0
2023-05-13 15:48,1683989280,192.37,305.61,0.0,0.0,209.88,0.0,0.0,0.0
2023-05-13 15:49,1683989340,192.37,305.61,0.0,0.0,209.88,0.0,0.0,0.0
2023-05-13 15:50,1683989400,192.37,305.61,0.0,0.0,209.88,0.0,0.0,0.0
2023-05-13 15:51,1683989460,192.37,305.61,0.0,0.0,209.88,0.0,0.0,0.0
2023-05-13 15:52,1683989520,192.37,305.61,0.0,0.0,209.88,0.0,0.0,0.0
2023-05-13 15:53,1683989580,192.37,305.61,0.0,0.0,209.88,0.0,0.0,0.0
2023-05-13 15:54,1683989640,192.37,305.61,0.0,0.0,209.88,0.0,0.0,0.0
2023-05-13 15:55,1683989700,192.37,305.61,0.0,0.0,209.88,0.0,0.0,0.0
2023-05-13 15:56,1683989760,192.37,305.61,0.0,0.0,209.88,0.0,0.0,0.0
2023-05-13 15:57,1683989820,192.37,305.61,0.0,0.0,209.88,0.0,0.0,0.0
2023-05-13 15:58,1683989880,192.37,305.61,0.0,0.0,209.88,0.0,0.0,0.0
2023-05-13 15:59,1683989940,192.37,305.61,0.0,0.0,209.88,0.0,0.0,0.0
2023-05-13 16:00,1683990000,192.37,305.61,0.0,0.0,209.88,0.0,0.0,0.0
2023-05-13 16:01,1683990060,192.37,305.61,0.0,0.0,209.88,0.0,0.0,0.0
2023-05-13 16:02,1683990120,192.37,305.61,0.0,0.0,209.88,0.0,0.0,0.0
2023-05-13 16:03,1683990180,192.37,305.61,0.0,0.0,209.88,0.0,0.0,0.0
2023-05-13 16:04,1683990240,192.37,305.61,0.0,0.0,209.88,0.0,0.0,0.0
2023-05-13 16:05,1683990300,192.37,305.61,0.0,0.0,209.88,0.0,0.0,0.0
2023-05-13 16:06,1683990360,192.37,305.61,0.0,0.0,209.88,0.0,0.0,0.0
2023-05-13 16:07,1683990420,192.37,305.61,0.0,0.0,209.88,0.0,0.0,0.0
2023-05-13 16:08,1683990480,192.37,305.61,0.0,0.0,209.88,0.0,0.0,0.0
2023-05-13 16:09,1683990540,192.37,305.61,0.0,0.0,209.88,0.0,0.0,0.0
2023-05-13 16:10,1683990600,192.37,305.61,0.0,0.0,209.88,0.0,0.0,0.0
2023-05-13 16:11,1683990660,192.37,305.61,0.0,0.0,209.88,0.0,0.0,0.0
2023-05-13 16:12,1683990720,192.37,305.61,0.0,0.0,209.88,0.0,0.0,0.0
2023-05-13 16:13,1683990780,192.37,305.61,0.0,0.0,209.88,0.0,0.0,0.0
2023-05-13 16:14,1683990840,192.37,305.61,0.0,0.0,209.88,0.0,0.0,0.0
2023-05-13 16:15,1683990900,192.37,305.61,0.0,0.0,209.88,0.0,0.0,0.0
2023-05-13 16:16,1683990960,192.37,305.61,0.0,0.0,209.88,0.0,0.0,0.0
2023-05-13 16:17,1683991020,192.37,305.61,0.0,0.0,209.88,0.0,0.0,0.0
2023-05-13 16:18,1683991080,192.37,305.61,0.0,0.0,209.88,0.0,0.0,0.0
2023-05-13 16:19,1683991140,192.37,305.61,0.0,0.0,209.88,0.0,0.0,0.0
2023-05-13 16:20,1683991200,192.37,305.61,0.0,0.0,209.88,0.0,0.0,0.0
2023-05-13 16:21,1683991260,192.37,305.61,0.0,0.0,209.88,0.0,0.0,0.0
2023-05-13 16:22,1683991320,192.37,305.61,0.0,0.0,209.88,0.0,0.0,0.0
2023-05-13 16:23,1683991380,192.37,305.61,0.0,0.0,209.88,0.0,0.0,0.0
2023-05-13 16:24,1683991440,192.37,305.61,0.0,0.0,209.88,0.0,0.0,0.0
2023-05-13 16:25,1683991500,192.37,305.61,0.0,0.0,209.88,0.0,0.0,0.0
2023-05-13 16:26,1683991560,192.37,305.61,0.0,0.0,209.88,0.0,0.0,0.0
2023-05-13 16:27,1683991620,192.37,305.61,0.0,0.0,209.88,0.0,0.0,0.0
2023-05-13 16:28,1683991680,192.37,305.61,0.0,0.0,209.88,0.0,0.0,0.0
2023-05-13 16:29,1683991740,192.37,305.61,0.0,0.0,209.88,0.0,0.0,0.0
2023-05-13 16:30,1683991800,192.37,305.61,0.0,0.0,209.88,0.0,0.0,0.0
2023-05-13 16:31,1683991860,192.37,305.61,0.0,0.0,209.88,0.0,0.0,0.0
2023-05-13 16:32,1683991920,192.37,305.61,0.0,0.0,209.88,0.0,0.0,0.0
2023-05-13 16:33,1683991980,192.37,305.61,0.0,0.0,209.88,0.0,0.0,0.0
2023-05-13 16:34,1683992040,192.37,305.61,0.0,0.0,209.88,0.0,0.0,0.0
2023-05-13 16:35,1683992100,192.37,305.61,0.0,0.0,209.88,0.0,0.0,0.0
2023-05-13 16:36,1683992160,192.37,305.61,0.0,0.0,209.88,0.0,0.0,0.0
2023-05-13 16:37,1683992220,192.37,305.61,0.0,0.0,209.88,0.0,0.0,0.0
2023-05-13 16:38,1683992280,192.37,305.61,0.0,0.0,209.88,0.0,0.0,0.0
2023-05-13 16:39,1683992340,192.37,305.61,0.0,0.0,209.88,0.0,0.0,0.0
2023-05-13 16:40,1683992400,192.37,305.61,0.0,0.0,209.88,0.0,0.0,0.0
2023-05-13 16:41,1683992460,192.37,305.61,0.0,0.0,209.88,0.0,0.0,0.0
2023-05-13 16:42,1683992520,192.37,305.61,0.0,0.0,209.88,0.0,0.0,0.0
2023-05-13 16:43,1683992580,192.37,305.61,0.0,0.0,209.88,0.0,0.0,0.0
2023-05-13 16:44,1683992640,192.37,305.61,0.0,0.0,209.88,0.0,0.0,0.0
2023-05-13 16:45,1683992700,192.37,305.61,0.0,0.0,209.88,0.0,0.0,0.0
2023-05-13 16:46,1683992760,192.37,305.61,0.0,0.0,209.88,0.0,0.0,0.0
2023-05-13 16:47,1683992820,192.37,305.61,0.0,0.0,209.88,0.0,0.0,0.0
2023-05-13 16:48,1683992880,192.37,305.61,0.0,0.0,209.88,0.0,0.0,0.0
2023-05-13 16:49,1683992940,192.37,305.61,0.0,0.0,209.88,0.0,0.0,0.0
2023-05-13 16:50,1683993000,192.37,305.61,0.0,0.0,209.88,0.0,0.0,0.0
2023-05-13 16:51,1683993060,192.37,305.61,0.0,0.0,209.88,0.0,0.0,0.0
2023-05-13 16:52,1683993120,192.37,305.61,0.0,0.0,209.88,0.0,0.0,0.0
2023-05-13 16:53,1683993180,192.37,305.61,0.0,0.0,209.88,0.0,0.0,0.0
2023-05-13 16:54,1683993240,192.37,305.61,0.0,0.0,209.88,0.0,0.0,0.0
2023-05-13 16:55,1683993300,192.37,305.61,0.0,0.0,209.88,0.0,0.0,0.0
2023-05-13 16:56,1683993360,192.37,305.61,0.0,0.0,209.88,0.0,0.0,0.0
2023-05-13 16:57,1683993420,192.37,305.61,0.0,0.0,209.88,0.0,0.0,0.0
2023-05-13 16:58,1683993480,192.37,305.61,0.0,0.0,209.88,0.0,0.0,0.0
2023-05-13 16:59,1683993540,192.37,305.61,0.0,0.0,209.88,0.0,0.0,0.0
2023-05-13 17:00,1683993600,192.37,305.61,0.0,0.0,209.88,0.0,0.0,0.0
2023-05-13 17:01,1683993660,192.37,305.61,0.0,0.0,209.88,0.0,0.0,0.0
2023-05-13 17:02,1683993720,192.37,305.61,0.0,0.0,209.88,0.0,0.0,0.0
2023-05-13 17:03,1683993780,192.37,305.61,0.0,0.0,209.88,0.0,0.0,0.0
2023-05-13 17:04,1683993840,192.37,305.61,0.0,0.0,209.88,0.0,0.0,0.0
2023-05-13 17:05,1683993900,192.37,305.61,0.0,0.0,209.88,0.0,0.0,0.0
2023-05-13 17:06,1683993960,192.37,305.61,0.0,0.0,209.88,0.0,0.0,0.0
2023-05-13 17:07,1683994020,192.37,305.61,0.0,0.0,209.88,0.0,0.0,0.0
2023-05-13 17:08,1683994080,192.37,305.61,0.0,0.0,209.88,0.0,0.0,0.0
2023-05-13 17:09,1683994140,192.37,305.61,0.0,0.0,209.88,0.0,0.0,0.0
2023-05-13 17:10,1683994200,192.37,305.61,0.0,0.0,209.88,0.0,0.0,0.0
2023-05-13 17:11,1683994260,192.37,305.61,0.0,0.0,209.88,0.0,0.0,0.0
2023-05-13 17:12,1683994320,192.37,305.61,0.0,0.0,209.88,0.0,0.0,0.0
2023-05-13 17:13,1683994380,192.37,305.61,0.0,0.0,209.88,0.0,0.0,0.0
2023-05-13 17:14,1683994440,192.37,305.61,0.0,0.0,209.88,0.0,0.0,0.0
2023-05-13 17:15,1683994500,192.37,305.61,0.0,0.0,209.88,0.0,0.0,0.0
2023-05-13 17:16,1683994560,192.37,305.61,0.0,0.0,209.88,0.0,0.0,0.0
2023-05-13 17:17,1683994620,192.37,305.61,0.0,0.0,209.88,0.0,0.0,0.0
2023-05-13 17:18,1683994680,192.37,305.61,0.0,0.0,209.88,0.0,0.0,0.0
2023-05-13 17:19,1683994740,192.37,305.61,0.0,0.0,209.88,0.0,0.0,0.0
2023-05-13 17:20,1683994800,192.37,305.61,0.0,0.0,209.88,0.0,0.0,0.0
2023-05-13 17:21,1683994860,192.37,305.61,0.0,0.0,209.88,0.0,0.0,0.0
2023-05-13 17:22,1683994920,192.37,305.61,0.0,0.0,209.88,0.0,0.0,0.0
2023-05-13 17:23,1683994980,192.37,305.61,0.0,0.0,209.88,0.0,0.0,0.0
2023-05-13 17:24,1683995040,192.37,305.61,0.0,0.0,209.88,0.0,0.0,0.0
2023-05-13 17:25,1683995100,192.37,305.61,0.0,0.0,209.88,0.0,0.0,0.0
2023-05-13 17:26,1683995160,192.37,305.61,0.0,0.0,209.88,0.0,0.0,0.0
2023-05-13 17:27,1683995220,192.37,305.61,0.0,0.0,209.88,0.0,0.0,0.0
2023-05-13 17:28,1683995280,192.37,305.61,0.0,0.0,209.88,0.0,0.0,0.0
2023-05-13 17:29,1683995340,192.37,305.61,0.0,0.0,209.88,0.0,0.0,0.0
2023-05-13 17:30,1683995400,192.37,305.61,0.0,0.0,209.88,0.0,0.0,0.0
2023-05-13 17:31,1683995460,192.37,305.61,0.0,0.0,209.88,0.0,0.0,0.0
2023-05-13 17:32,1683995520,192.37,305.61,0.0,0.0,209.88,0.0,0.0,0.0
2023-05-13 17:33,1683995580,192.37,305.61,0.0,0.0,209.88,0.0,0.0,0.0
2023-05-13 17:34,1683995640,192.37,305.61,0.0,0.0,209.88,0.0,0.0,0.0
2023-05-13 17:35,1683995700,192.37,305.61,0.0,0.0,209.88,0.0,0.0,0.0
2023-05-13 17:36,1683995760,192.37,305.61,0.0,0.0,209.88,0.0,0.0,0.0
2023-05-13 17:37,1683995820,192.37,305.61,0.0,0.0,209.88,0.0,0.0,0.0
2023-05-13 17:38,1683995880,192.37,305.61,0.0,0.0,209.88,0.0,0.0,0.0
2023-05-13 17:39,1683995940,192.37,305.61,0.0,0.0,209.88,0.0,0.0,0.0
2023-05-13 17:40,1683996000,192.37,305.61,0.0,0.0,209.88,0.0,0.0,0.0
2023-05-13 17:41,1683996060,192.37,305.61,0.0,0.0,209.88,0.0,0.0,0.0
2023-05-13 17:42,1683996120,192.37,305.61,0.0,0.0,209.88,0.0,0.0,0.0
2023-05-13 17:43,1683996180,192.37,305.61,0.0,0.0,209.88,0.0,0.0,0.0
2023-05-13 17:44,1683996240,192.37,305.61,0.0,0.0,209.88,0.0,0.0,0.0
2023-05-13 17:45,1683996300,192.37,305.61,0.0,0.0,209.88,0.0,0.0,0.0
2023-05-13 17:46,1683996360,192.37,305.61,0.0,0.0,209.88,0.0,0.0,0.0
2023-05-13 17:47,1683996420,192.37,305.61,0.0,0.0,209.88,0.0,0.0,0.0
2023-05-13 17:48,1683996480,192.37,305.61,0.0,0.0,209.88,0.0,0.0,0.0
2023-05-13 17:49,1683996540,192.37,305.61,0.0,0.0,209.88,0.0,0.0,0.0
2023-05-13 17:50,1683996600,192.37,305.61,0.0,0.0,209.88,0.0,0.0,0.0
2023-05-13 17:51,1683996660,192.37,305.61,0.0,0.0,209.88,0.0,0.0,0.0
2023-05-13 17:52,1683996720,192.37,305.61,0.0,0.0,209.88,0.0,0.0,0.0
2023-05-13 17:53,1683996780,192.37,305.61,0.0,0.0,209.88,0.0,0.0,0.0
2023-05-13 17:54,1683996840,192.37,305.61,0.0,0.0,209.88,0.0,0.0,0.0
2023-05-13 17:55,1683996900,192.37,305.61,0.0,0.0,209.88,0.0,0.0,0.0
2023-05-13 17:56,1683996960,192.37,305.61,0.0,0.0,209.88,0.0,0.0,0.0
2023-05-13 17:57,1683997020,192.37,305.61,0.0,0.0,209.88,0.0,0.0,0.0
2023-05-13 17:58,1683997080,192.37,305.61,0.0,0.0,209.88,0.0,0.0,0.0
2023-05-13 17:59,1683997140,192.37,305.61,0.0,0.0,209.88,0.0,0.0,0.0
2023-05-13 18:00,1683997200,192.37,305.61,0.0,0.0,209.88,0.0,0.0,0.0
2023-05-13 18:01,1683997260,192.37,305.61,0.0,0.0,209.88,0.0,0.0,0.0
2023-05-13 18:02,1683997320,192.37,305.61,0.0,0.0,209.88,0.0,0.0,0.0
2023-05-13 18:03,1683997380,192.37,305.61,0.0,0.0,209.88,0.0,0.0,0.0
2023-05-13 18:04,1683997440,192.37,305.61,0.0,0.0,209.88,0.0,0.0,0.0
2023-05-13 18:05,1683997500,192.37,305.61,0.0,0.0,209.88,0.0,0.0,0.0
2023-05-13 18:06,1683997560,192.37,305.61,0.0,0.0,209.88,0.0,0.0,0.0
2023-05-13 18:07,1683997620,192.37,305.61,0.0,0.0,209.88,0.0,0.0,0.0
2023-05-13 18:08,1683997680,192.37,305.61,0.0,0.0,209.88,0.0,0.0,0.0
2023-05-13 18:09,1683997740,192.37,305.61,0.0,0.0,209.88,0.0,0.0,0.0
2023-05-13 18:10,1683997800,192.37,305.61,0.0,0.0,209.88,0.0,0.0,0.0
2023-05-13 18:11,1683997860,192.37,305.61,0.0,0.0,209.88,0.0,0.0,0.0
2023-05-13 18:12,1683997920,192.37,305.61,0.0,0.0,209.88,0.0,0.0,0.0
2023-05-13 18:13,1683997980,192.37,305.61,0.0,0.0,209.88,0.0,0.0,0.0
2023-05-13 18:14,1683998040,192.37,305.61,0.0,0.0,209.88,0.0,0.0,0.0
2023-05-13 18:15,1683998100,192.37,305.61,0.0,0.0,209.88,0.0,0.0,0.0
2023-05-13 18:16,1683998160,192.37,305.61,0.0,0.0,209.88,0.0,0.0,0.0
2023-05-13 18:17,1683998220,192.37,305.61,0.0,0.0,209.88,0.0,0.0,0.0
2023-05-13 18:18,1683998280,192.37,305.61,0.0,0.0,209.88,0.0,0.0,0.0
2023-05-13 18:19,1683998340,192.37,305.61,0.0,0.0,209.88,0.0,0.0,0.0
2023-05-13 18:20,1683998400,192.37,305.61,0.0,0.0,209.88,0.0,0.0,0.0
2023-05-13 18:21,1683998460,192.37,305.61,0.0,0.0,209.88,0.0,0.0,0.0
2023-05-13 18:22,1683998520,192.37,305.61,0.0,0.0,209.88,0.0,0.0,0.0
2023-05-13 18:23,1683998580,192.37,305.61,0.0,0.0,209.88,0.0,0.0,0.0
2023-05-13 18:24,1683998640,192.37,305.61,0.0,0.0,209.88,0.0,0.0,0.0
2023-05-13 18:25,1683998700,192.37,305.61,0.0,0.0,209.88,0.0,0.0,0.0
2023-05-13 18:26,1683998760,192.37,305.61,0.0,0.0,209.88,0.0,0.0,0.0
2023-05-13 18:27,1683998820,192.37,305.61,0.0,0.0,209.88,0.0,0.0,0.0
2023-05-13 18:28,1683998880,192.37,305.61,0.0,0.0,209.88,0.0,0.0,0.0
2023-05-13 18:29,1683998940,192.37,305.61,0.0,0.0,209.88,0.0,0.0,0.0
2023-05-13 18:30,1683999000,192.37,305.61,0.0,0.0,209.88,0.0,0.0,0.0
2023-05-13 18:31,1683999060,192.37,305.61,0.0,0.0,209.88,0.0,0.0,0.0
2023-05-13 18:32,1683999120,192.37,305.61,0.0,0.0,209.88,0.0,0.0,0.0
2023-05-13 18:33,1683999180,192.37,305.61,0.0,0.0,209.88,0.0,0.0,0.0
2023-05-13 18:34,1683999240,192.37,305.61,0.0,0.0,209.88,0.0,0.0,0.0
2023-05-13 18:35,1683999300,192.37,305.61,0.0,0.0,209.88,0.0,0.0,0.0
2023-05-13 18:36,1683999360,192.37,305.61,0.0,0.0,209.88,0.0,0.0,0.0
2023-05-13 18:37,1683999420,192.37,305.61,0.0,0.0,209.88,0.0,0.0,0.0
2023-05-13 18:38,1683999480,192.37,305.61,0.0,0.0,209.88,0.0,0.0,0.0
2023-05-13 18:39,1683999540,192.37,305.61,0.0,0.0,209.88,0.0,0.0,0.0
2023-05-13 18:40,1683999600,192.37,305.61,0.0,0.0,209.88,0.0,0.0,0.0
2023-05-13 18:41,1683999660,192.37,305.61,0.0,0.0,209.88,0.0,0.0,0.0
2023-05-13 18:42,1683999720,192.37,305.61,0.0,0.0,209.88,0.0,0.0,0.0
2023-05-13 18:43,1683999780,192.37,305.61,0.0,0.0,209.88,0.0,0.0,0.0
2023-05-13 18:44,1683999840,192.37,305.61,0.0,0.0,209.88,0.0,0.0,0.0
2023-05-13 18:45,1683999900,192.37,305.61,0.0,0.0,209.88,0.0,0.0,0.0
2023-05-13 18:46,1683999960,192.37,305.61,0.0,0.0,209.88,0.0,0.0,0.0
2023-05-13 18:47,1684000020,192.37,305.61,0.0,0.0,209.88,0.0,0.0,0.0
2023-05-13 18:48,1684000080,192.37,305.61,0.0,0.0,209.88,0.0,0.0,0.0
2023-05-13 18:49,1684000140,192.37,305.61,0.0,0.0,209.88,0.0,0.0,0.0
2023-05-13 18:50,1684000200,192.37,305.61,0.0,0.0,209.88,0.0,0.0,0.0
2023-05-13 18:51,1684000260,192.37,305.61,0.0,0.0,209.88,0.0,0.0,0.0
2023-05-13 18:52,1684000320,192.37,305.61,0.0,0.0,209.88,0.0,0.0,0.0
2023-05-13 18:53,1684000380,192.37,305.61,0.0,0.0,209.88,0.0,0.0,0.0
2023-05-13 18:54,1684000440,192.37,305.61,0.0,0.0,209.88,0.0,0.0,0.0
2023-05-13 18:55,1684000500,192.37,305.61,0.0,0.0,209.88,0.0,0.0,0.0
2023-05-13 18:56,1684000560,192.37,305.61,0.0,0.0,209.88,0.0,0.0,0.0
2023-05-13 18:57,1684000620,192.37,305.61,0.0,0.0,209.88,0.0,0.0,0.0
2023-05-13 18:58,1684000680,192.37,305.61,0.0,0.0,209.88,0.0,0.0,0.0
2023-05-13 18:59,1684000740,192.37,305.61,0.0,0.0,209.88,0.0,0.0,0.0
2023-05-13 19:00,1684000800,192.37,305.61,0.0,0.0,209.88,0.0,0.0,0.0
2023-05-13 19:01,1684000860,192.37,305.61,0.0,0.0,209.88,0.0,0.0,0.0
2023-05-13 19:02,1684000920,192.37,305.61,0.0,0.0,209.88,0.0,0.0,0.0
2023-05-13 19:03,1684000980,192.37,305.61,0.0,0.0,209.88,0.0,0.0,0.0
2023-05-13 19:04,1684001040,192.37,305.61,0.0,0.0,209.88,0.0,0.0,0.0
2023-05-13 19:05,1684001100,192.37,305.61,0.0,0.0,209.88,0.0,0.0,0.0
2023-05-13 19:06,1684001160,192.37,305.61,0.0,0.0,209.88,0.0,0.0,0.0
2023-05-13 19:07,1684001220,192.37,305.61,0.0,0.0,209.88,0.0,0.0,0.0
2023-05-13 19:08,1684001280,192.37,305.61,0.0,0.0,209.88,0.0,0.0,0.0
2023-05-13 19:09,1684001340,192.37,305.61,0.0,0.0,209.88,0.0,0.0,0.0
2023-05-13 19:10,1684001400,192.37,305.61,0.0,0.0,209.88,0.0,0.0,0.0
2023-05-13 19:11,1684001460,192.37,305.61,0.0,0.0,209.88,0.0,0.0,0.0
2023-05-13 19:12,1684001520,192.37,305.61,0.0,0.0,209.88,0.0,0.0,0.0
2023-05-13 19:13,1684001580,192.37,305.61,0.0,0.0,209.88,0.0,0.0,0.0
2023-05-13 19:14,1684001640,192.37,305.61,0.0,0.0,209.88,0.0,0.0,0.0
2023-05-13 19:15,1684001700,192.37,305.61,0.0,0.0,209.88,0.0,0.0,0.0
2023-05-13 19:16,1684001760,192.37,305.61,0.0,0.0,209.88,0.0,0.0,0.0
2023-05-13 19:17,1684001820,192.37,305.61,0.0,0.0,209.88,0.0,0.0,0.0
2023-05-13 19:18,1684001880,192.37,305.61,0.0,0.0,209.88,0.0,0.0,0.0
2023-05-13 19:19,1684001940,192.37,305.61,0.0,0.0,209.88,0.0,0.0,0.0
2023-05-13 19:20,1684002000,192.37,305.61,0.0,0.0,209.88,0.0,0.0,0.0
2023-05-13 19:21,1684002060,192.37,305.61,0.0,0.0,209.88,0.0,0.0,0.0
2023-05-13 19:22,1684002120,192.37,305.61,0.0,0.0,209.88,0.0,0.0,0.0
2023-05-13 19:23,1684002180,192.37,305.61,0.0,0.0,209.88,0.0,0.0,0.0
2023-05-13 19:24,1684002240,192.37,305.61,0.0,0.0,209.88,0.0,0.0,0.0
2023-05-13 19:25,1684002300,192.37,305.61,0.0,0.0,209.88,0.0,0.0,0.0
2023-05-13 19:26,1684002360,192.37,305.61,0.0,0.0,209.88,0.0,0.0,0.0
2023-05-13 19:27,1684002420,192.37,305.61,0.0,0.0,209.88,0.0,0.0,0.0
2023-05-13 19:28,1684002480,192.37,305.61,0.0,0.0,209.88,0.0,0.0,0.0
2023-05-13 19:29,1684002540,192.37,305.61,0.0,0.0,209.88,0.0,0.0,0.0
2023-05-13 19:30,1684002600,192.37,305.61,0.0,0.0,209.88,0.0,0.0,0.0
2023-05-13 19:31,1684002660,192.37,305.61,0.0,0.0,209.88,0.0,0.0,0.0
2023-05-13 19:32,1684002720,192.37,305.61,0.0,0.0,209.88,0.0,0.0,0.0
2023-05-13 19:33,1684002780,192.37,305.61,0.0,0.0,209.88,0.0,0.0,0.0
2023-05-13 19:34,1684002840,192.37,305.61,0.0,0.0,209.88,0.0,0.0,0.0
2023-05-13 19:35,1684002900,192.37,305.61,0.0,0.0,209.88,0.0,0.0,0.0
2023-05-13 19:36,1684002960,192.37,305.61,0.0,0.0,209.88,0.0,0.0,0.0
2023-05-13 19:37,1684003020,192.37,305.61,0.0,0.0,209.88,0.0,0.0,0.0
2023-05-13 19:38,1684003080,192.37,305.61,0.0,0.0,209.88,0.0,0.0,0.0
2023-05-13 19:39,1684003140,192.37,305.61,0.0,0.0,209.88,0.0,0.0,0.0
2023-05-13 19:40,1684003200,192.37,305.61,0.0,0.0,209.88,0.0,0.0,0.0
2023-05-13 19:41,1684003260,192.37,305.61,0.0,0.0,209.88,0.0,0.0,0.0
2023-05-13 19:42,1684003320,192.37,305.61,0.0,0.0,209.88,0.0,0.0,0.0
2023-05-13 19:43,1684003380,192.37,305.61,0.0,0.0,209.88,0.0,0.0,0.0
2023-05-13 19:44,1684003440,192.37,305.61,0.0,0.0,209.88,0.0,0.0,0.0
2023-05-13 19:45,1684003500,192.37,305.61,0.0,0.0,209.88,0.0,0.0,0.0
2023-05-13 19:46,1684003560,192.37,305.61,0.0,0.0,209.88,0.0,0.0,0.0
2023-05-13 19:47,1684003620,192.37,305.61,0.0,0.0,209.88,0.0,0.0,0.0
2023-05-13 19:48,1684003680,192.37,305.61,0.0,0.0,209.88,0.0,0.0,0.0
2023-05-13 19:49,1684003740,192.37,305.61,0.0,0.0,209.88,0.0,0.0,0.0
2023-05-13 19:50,1684003800,192.37,305.61,0.0,0.0,209.88,0.0,0.0,0.0
2023-05-13 19:51,1684003860,192.37,305.61,0.0,0.0,209.88,0.0,0.0,0.0
2023-05-13 19:52,1684003920,192.37,305.61,0.0,0.0,209.88,0.0,0.0,0.0
2023-05-13 19:53,1684003980,192.37,305.61,0.0,0.0,209.88,0.0,0.0,0.0
2023-05-13 19:54,1684004040,192.37,305.61,0.0,0.0,209.88,0.0,0.0,0.0
2023-05-13 19:55,1684004100,192.37,305.61,0.0,0.0,209.88,0.0,0.0,0.0
2023-05-13 19:56,1684004160,192.37,305.61,0.0,0.0,209.88,0.0,0.0,0.0
2023-05-13 19:57,1684004220,192.37,305.61,0.0,0.0,209.88,0.0,0.0,0.0
2023-05-13 19:58,1684004280,192.37,305.61,0.0,0.0,209.88,0.0,0.0,0.0
2023-05-13 19:59,1684004340,192.37,305.61,0.0,0.0,209.88,0.0,0.0,0.0
2023-05-13 20:00,1684004400,192.37,305.61,0.0,0.0,209.88,0.0,0.0,0.0
2023-05-13 20:01,1684004460,192.37,305.61,0.0,0.0,209.88,0.0,0.0,0.0
2023-05-13 20:02,1684004520,192.37,305.61,0.0,0.0,209.88,0.0,0.0,0.0
2023-05-13 20:03,1684004580,192.37,305.61,0.0,0.0,209.88,0.0,0.0,0.0
2023-05-13 20:04,1684004640,192.37,305.61,0.0,0.0,209.88,0.0,0.0,0.0
2023-05-13 20:05,1684004700,192.37,305.61,0.0,0.0,209.88,0.0,0.0,0.0
2023-05-13 20:06,1684004760,192.37,305.61,0.0,0.0,209.88,0.0,0.0,0.0
2023-05-13 20:07,1684004820,192.37,305.61,0.0,0.0,209.88,0.0,0.0,0.0
2023-05-13 20:08,1684004880,192.37,305.61,0.0,0.0,209.88,0.0,0.0,0.0
2023-05-13 20:09,1684004940,192.37,305.61,0.0,0.0,209.88,0.0,0.0,0.0
2023-05-13 20:10,1684005000,192.37,305.61,0.0,0.0,209.88,0.0,0.0,0.0
2023-05-13 20:11,1684005060,192.37,305.61,0.0,0.0,209.88,0.0,0.0,0.0
2023-05-13 20:12,1684005120,192.37,305.61,0.0,0.0,209.88,0.0,0.0,0.0
2023-05-13 20:13,1684005180,192.37,305.61,0.0,0.0,209.88,0.0,0.0,0.0
2023-05-13 20:14,1684005240,192.37,305.61,0.0,0.0,209.88,0.0,0.0,0.0
2023-05-13 20:15,1684005300,192.37,305.61,0.0,0.0,209.88,0.0,0.0,0.0
2023-05-13 20:16,1684005360,192.37,305.61,0.0,0.0,209.88,0.0,0.0,0.0
2023-05-13 20:17,1684005420,192.37,305.61,0.0,0.0,209.88,0.0,0.0,0.0
2023-05-13 20:18,1684005480,192.37,305.61,0.0,0.0,209.88,0.0,0.0,0.0
2023-05-13 20:19,1684005540,192.37,305.61,0.0,0.0,209.88,0.0,0.0,0.0
2023-05-13 20:20,1684005600,192.37,305.61,0.0,0.0,209.88,0.0,0.0,0.0
2023-05-13 20:21,1684005660,192.37,305.61,0.0,0.0,209.88,0.0,0.0,0.0
2023-05-13 20:22,1684005720,192.37,305.61,0.0,0.0,209.88,0.0,0.0,0.0
2023-05-13 20:23,1684005780,192.37,305.61,0.0,0.0,209.88,0.0,0.0,0.0
2023-05-13 20:24,1684005840,192.37,305.61,0.0,0.0,209.88,0.0,0.0,0.0
2023-05-13 20:25,1684005900,192.37,305.61,0.0,0.0,209.88,0.0,0.0,0.0
2023-05-13 20:26,1684005960,192.37,305.61,0.0,0.0,209.88,0.0,0.0,0.0
2023-05-13 20:27,1684006020,192.37,305.61,0.0,0.0,209.88,0.0,0.0,0.0
2023-05-13 20:28,1684006080,192.37,305.61,0.0,0.0,209.88,0.0,0.0,0.0
2023-05-13 20:29,1684006140,192.37,305.61,0.0,0.0,209.88,0.0,0.0,0.0
2023-05-13 20:30,1684006200,192.37,305.61,0.0,0.0,209.88,0.0,0.0,0.0
2023-05-13 20:31,1684006260,192.37,305.61,0.0,0.0,209.88,0.0,0.0,0.0
2023-05-13 20:32,1684006320,192.37,305.61,0.0,0.0,209.88,0.0,0.0,0.0
2023-05-13 20:33,1684006380,192.37,305.61,0.0,0.0,209.88,0.0,0.0,0.0
2023-05-13 20:34,1684006440,192.37,305.61,0.0,0.0,209.88,0.0,0.0,0.0
2023-05-13 20:35,1684006500,192.37,305.61,0.0,0.0,209.88,0.0,0.0,0.0
2023-05-13 20:36,1684006560,192.37,305.61,0.0,0.0,209.88,0.0,0.0,0.0
2023-05-13 20:37,1684006620,192.37,305.61,0.0,0.0,209.88,0.0,0.0,0.0
2023-05-13 20:38,1684006680,192.37,305.61,0.0,0.0,209.88,0.0,0.0,0.0
2023-05-13 20:39,1684006740,192.37,305.61,0.0,0.0,209.88,0.0,0.0,0.0
2023-05-13 20:40,1684006800,192.37,305.61,0.0,0.0,209.88,0.0,0.0,0.0
2023-05-13 20:41,1684006860,192.37,305.61,0.0,0.0,209.88,0.0,0.0,0.0
2023-05-13 20:42,1684006920,192.37,305.61,0.0,0.0,209.88,0.0,0.0,0.0
2023-05-13 20:43,1684006980,192.37,305.61,0.0,0.0,209.88,0.0,0.0,0.0
2023-05-13 20:44,1684007040,192.37,305.61,0.0,0.0,209.88,0.0,0.0,0.0
2023-05-13 20:45,1684007100,192.37,305.61,0.0,0.0,209.88,0.0,0.0,0.0
2023-05-13 20:46,1684007160,192.37,305.61,0.0,0.0,209.88,0.0,0.0,0.0
2023-05-13 20:47,1684007220,192.37,305.61,0.0,0.0,209.88,0.0,0.0,0.0
2023-05-13 20:48,1684007280,192.37,305.61,0.0,0.0,209.88,0.0,0.0,0.0
2023-05-13 20:49,1684007340,192.37,305.61,0.0,0.0,209.88,0.0,0.0,0.0
2023-05-13 20:50,1684007400,192.37,305.61,0.0,0.0,209.88,0.0,0.0,0.0
2023-05-13 20:51,1684007460,192.37,305.61,0.0,0.0,209.88,0.0,0.0,0.0
2023-05-13 20:52,1684007520,192.37,305.61,0.0,0.0,209.88,0.0,0.0,0.0
2023-05-13 20:53,1684007580,192.37,305.61,0.0,0.0,209.88,0.0,0.0,0.0
2023-05-13 20:54,1684007640,192.37,305.61,0.0,0.0,209.88,0.0,0.0,0.0
2023-05-13 20:55,1684007700,192.37,305.61,0.0,0.0,209.88,0.0,0.0,0.0
2023-05-13 20:56,1684007760,192.37,305.61,0.0,0.0,209.88,0.0,0.0,0.0
2023-05-13 20:57,1684007820,192.37,305.61,0.0,0.0,209.88,0.0,0.0,0.0
2023-05-13 20:58,1684007880,192.37,305.61,0.0,0.0,209.88,0.0,0.0,0.0
2023-05-13 20:59,1684007940,192.37,305.61,0.0,0.0,209.88,0.0,0.0,0.0
2023-05-13 21:00,1684008000,192.37,305.61,0.0,0.0,209.88,0.0,0.0,0.0
2023-05-13 21:01,1684008060,192.37,305.61,0.0,0.0,209.88,0.0,0.0,0.0
2023-05-13 21:02,1684008120,192.37,305.61,0.0,0.0,209.88,0.0,0.0,0.0
2023-05-13 21:03,1684008180,192.37,305.61,0.0,0.0,209.88,0.0,0.0,0.0
2023-05-13 21:04,1684008240,192.37,305.61,0.0,0.0,209.88,0.0,0.0,0.0
2023-05-13 21:05,1684008300,192.37,305.61,0.0,0.0,209.88,0.0,0.0,0.0
2023-05-13 21:06,1684008360,192.37,305.61,0.0,0.0,209.88,0.0,0.0,0.0
2023-05-13 21:07,1684008420,192.37,305.61,0.0,0.0,209.88,0.0,0.0,0.0
2023-05-13 21:08,1684008480,192.37,305.61,0.0,0.0,209.88,0.0,0.0,0.0
2023-05-13 21:09,1684008540,192.37,305.61,0.0,0.0,209.88,0.0,0.0,0.0
2023-05-13 21:10,1684008600,192.37,305.61,0.0,0.0,209.88,0.0,0.0,0.0
2023-05-13 21:11,1684008660,192.37,305.61,0.0,0.0,209.88,0.0,0.0,0.0
2023-05-13 21:12,1684008720,192.37,305.61,0.0,0.0,209.88,0.0,0.0,0.0
2023-05-13 21:13,1684008780,192.37,305.61,0.0,0.0,209.88,0.0,0.0,0.0
2023-05-13 21:14,1684008840,192.37,305.61,0.0,0.0,209.88,0.0,0.0,0.0
2023-05-13 21:15,1684008900,192.37,305.61,0.0,0.0,209.88,0.0,0.0,0.0
2023-05-13 21:16,1684008960,192.37,305.61,0.0,0.0,209.88,0.0,0.0,0.0
2023-05-13 21:17,1684009020,192.37,305.61,0.0,0.0,209.88,0.0,0.0,0.0
2023-05-13 21:18,1684009080,192.37,305.61,0.0,0.0,209.88,0.0,0.0,0.0
2023-05-13 21:19,1684009140,192.37,305.61,0.0,0.0,209.88,0.0,0.0,0.0
2023-05-13 21:20,1684009200,192.37,305.61,0.0,0.0,209.88,0.0,0.0,0.0
2023-05-13 21:21,1684009260,192.37,305.61,0.0,0.0,209.88,0.0,0.0,0.0
2023-05-13 21:22,1684009320,192.37,305.61,0.0,0.0,209.88,0.0,0.0,0.0
2023-05-13 21:23,1684009380,192.37,305.61,0.0,0.0,209.88,0.0,0.0,0.0
2023-05-13 21:24,1684009440,192.37,305.61,0.0,0.0,209.88,0.0,0.0,0.0
2023-05-13 21:25,1684009500,192.37,305.61,0.0,0.0,209.88,0.0,0.0,0.0
2023-05-13 21:26,1684009560,192.37,305.61,0.0,0.0,209.88,0.0,0.0,0.0
2023-05-13 21:27,1684009620,192.37,305.61,0.0,0.0,209.88,0.0,0.0,0.0
2023-05-13 21:28,1684009680,192.37,305.61,0.0,0.0,209.88,0.0,0.0,0.0
2023-05-13 21:29,1684009740,192.37,305.61,0.0,0.0,209.88,0.0,0.0,0.0
2023-05-13 21:30,1684009800,192.37,305.61,0.0,0.0,209.88,0.0,0.0,0.0
2023-05-13 21:31,1684009860,192.37,305.61,0.0,0.0,209.88,0.0,0.0,0.0
2023-05-13 21:32,1684009920,192.37,305.61,0.0,0.0,209.88,0.0,0.0,0.0
2023-05-13 21:33,1684009980,192.37,305.61,0.0,0.0,209.88,0.0,0.0,0.0
2023-05-13 21:34,1684010040,192.37,305.61,0.0,0.0,209.88,0.0,0.0,0.0
2023-05-13 21:35,1684010100,192.37,305.61,0.0,0.0,209.88,0.0,0.0,0.0
2023-05-13 21:36,1684010160,192.37,305.61,0.0,0.0,209.88,0.0,0.0,0.0
2023-05-13 21:37,1684010220,192.37,305.61,0.0,0.0,209.88,0.0,0.0,0.0
2023-05-13 21:38,1684010280,192.37,305.61,0.0,0.0,209.88,0.0,0.0,0.0
2023-05-13 21:39,1684010340,192.37,305.61,0.0,0.0,209.88,0.0,0.0,0.0
2023-05-13 21:40,1684010400,192.37,305.61,0.0,0.0,209.88,0.0,0.0,0.0
2023-05-13 21:41,1684010460,192.37,305.61,0.0,0.0,209.88,0.0,0.0,0.0
2023-05-13 21:42,1684010520,192.37,305.61,0.0,0.0,209.88,0.0,0.0,0.0
2023-05-13 21:43,1684010580,192.37,305.61,0.0,0.0,209.88,0.0,0.0,0.0
2023-05-13 21:44,1684010640,192.37,305.61,0.0,0.0,209.88,0.0,0.0,0.0
2023-05-13 21:45,1684010700,192.37,305.61,0.0,0.0,209.88,0.0,0.0,0.0
2023-05-13 21:46,1684010760,192.37,305.61,0.0,0.0,209.88,0.0,0.0,0.0
2023-05-13 21:47,1684010820,192.37,305.61,0.0,0.0,209.88,0.0,0.0,0.0
2023-05-13 21:48,1684010880,192.37,305.61,0.0,0.0,209.88,0.0,0.0,0.0
2023-05-13 21:49,1684010940,192.37,305.61,0.0,0.0,209.88,0.0,0.0,0.0
2023-05-13 21:50,1684011000,192.37,305.61,0.0,0.0,209.88,0.0,0.0,0.0
2023-05-13 21:51,1684011060,192.37,305.61,0.0,0.0,209.88,0.0,0.0,0.0
2023-05-13 21:52,1684011120,192.37,305.61,0.0,0.0,209.88,0.0,0.0,0.0
2023-05-13 21:53,1684011180,192.37,305.61,0.0,0.0,209.88,0.0,0.0,0.0
2023-05-13 21:54,1684011240,192.37,305.61,0.0,0.0,209.88,0.0,0.0,0.0
2023-05-13 21:55,1684011300,192.37,305.61,0.0,0.0,209.88,0.0,0.0,0.0
2023-05-13 21:56,1684011360,192.37,305.61,0.0,0.0,209.88,0.0,0.0,0.0
2023-05-13 21:57,1684011420,192.37,305.61,0.0,0.0,209.88,0.0,0.0,0.0
2023-05-13 21:58,1684011480,192.37,305.61,0.0,0.0,209.88,0.0,0.0,0.0
2023-05-13 21:59,1684011540,192.37,305.61,0.0,0.0,209.88,0.0,0.0,0.0
2023-05-13 22:00,1684011600,192.37,305.61,0.0,0.0,209.88,0.0,0.0,0.0
2023-05-13 22:01,1684011660,192.37,305.61,0.0,0.0,209.88,0.0,0.0,0.0
2023-05-13 22:02,1684011720,192.37,305.61,0.0,0.0,209.88,0.0,0.0,0.0
2023-05-13 22:03,1684011780,192.37,305.61,0.0,0.0,209.88,0.0,0.0,0.0
2023-05-13 22:04,1684011840,192.37,305.61,0.0,0.0,209.88,0.0,0.0,0.0
2023-05-13 22:05,1684011900,192.37,305.61,0.0,0.0,209.88,0.0,0.0,0.0
2023-05-13 22:06,1684011960,192.37,305.61,0.0,0.0,209.88,0.0,0.0,0.0
2023-05-13 22:07,1684012020,192.37,305.61,0.0,0.0,209.88,0.0,0.0,0.0
2023-05-13 22:08,1684012080,192.37,305.61,0.0,0.0,209.88,0.0,0.0,0.0
2023-05-13 22:09,1684012140,192.37,305.61,0.0,0.0,209.88,0.0,0.0,0.0
2023-05-13 22:10,1684012200,192.37,305.61,0.0,0.0,209.88,0.0,0.0,0.0
2023-05-13 22:11,1684012260,192.37,305.61,0.0,0.0,209.88,0.0,0.0,0.0
2023-05-13 22:12,1684012320,192.37,305.61,0.0,0.0,209.88,0.0,0.0,0.0
2023-05-13 22:13,1684012380,192.37,305.61,0.0,0.0,209.88,0.0,0.0,0.0
2023-05-13 22:14,1684012440,192.37,305.61,0.0,0.0,209.88,0.0,0.0,0.0
2023-05-13 22:15,1684012500,192.37,305.61,0.0,0.0,209.88,0.0,0.0,0.0
2023-05-13 22:16,1684012560,192.37,305.61,0.0,0.0,209.88,0.0,0.0,0.0
2023-05-13 22:17,1684012620,192.37,305.61,0.0,0.0,209.88,0.0,0.0,0.0
2023-05-13 22:18,1684012680,192.37,305.61,0.0,0.0,209.88,0.0,0.0,0.0
2023-05-13 22:19,1684012740,192.37,305.61,0.0,0.0,209.88,0.0,0.0,0.0
2023-05-13 22:20,1684012800,192.37,305.61,0.0,0.0,209.88,0.0,0.0,0.0
2023-05-13 22:21,1684012860,192.37,305.61,0.0,0.0,209.88,0.0,0.0,0.0
2023-05-13 22:22,1684012920,192.37,305.61,0.0,0.0,209.88,0.0,0.0,0.0
2023-05-13 22:23,1684012980,192.37,305.61,0.0,0.0,209.88,0.0,0.0,0.0
2023-05-13 22:24,1684013040,192.37,305.61,0.0,0.0,209.88,0.0,0.0,0.0
2023-05-13 22:25,1684013100,192.37,305.61,0.0,0.0,209.88,0.0,0.0,0.0
2023-05-13 22:26,1684013160,192.37,305.61,0.0,0.0,209.88,0.0,0.0,0.0
2023-05-13 22:27,1684013220,192.37,305.61,0.0,0.0,209.88,0.0,0.0,0.0
2023-05-13 22:28,1684013280,192.37,305.61,0.0,0.0,209.88,0.0,0.0,0.0
2023-05-13 22:29,1684013340,192.37,305.61,0.0,0.0,209.88,0.0,0.0,0.0
2023-05-13 22:30,1684013400,192.37,305.61,0.0,0.0,209.88,0.0,0.0,0.0
2023-05-13 22:31,1684013460,192.37,305.61,0.0,0.0,209.88,0.0,0.0,0.0
2023-05-13 22:32,1684013520,192.37,305.61,0.0,0.0,209.88,0.0,0.0,0.0
2023-05-13 22:33,1684013580,192.37,305.61,0.0,0.0,209.88,0.0,0.0,0.0
2023-05-13 22:34,1684013640,192.37,305.61,0.0,0.0,209.88,0.0,0.0,0.0
2023-05-13 22:35,1684013700,192.37,305.61,0.0,0.0,209.88,0.0,0.0,0.0
2023-05-13 22:36,1684013760,192.37,305.61,0.0,0.0,209.88,0.0,0.0,0.0
2023-05-13 22:37,1684013820,192.37,305.61,0.0,0.0,209.88,0.0,0.0,0.0
2023-05-13 22:38,1684013880,192.37,305.61,0.0,0.0,209.88,0.0,0.0,0.0
2023-05-13 22:39,1684013940,192.37,305.61,0.0,0.0,209.88,0.0,0.0,0.0
2023-05-13 22:40,1684014000,192.37,305.61,0.0,0.0,209.88,0.0,0.0,0.0
2023-05-13 22:41,1684014060,192.37,305.61,0.0,0.0,209.88,0.0,0.0,0.0
2023-05-13 22:42,1684014120,192.37,305.61,0.0,0.0,209.88,0.0,0.0,0.0
2023-05-13 22:43,1684014180,192.37,305.61,0.0,0.0,209.88,0.0,0.0,0.0
2023-05-13 22:44,1684014240,192.37,305.61,0.0,0.0,209.88,0.0,0.0,0.0
2023-05-13 22:45,1684014300,192.37,305.61,0.0,0.0,209.88,0.0,0.0,0.0
2023-05-13 22:46,1684014360,192.37,305.61,0.0,0.0,209.88,0.0,0.0,0.0
2023-05-13 22:47,1684014420,192.37,305.61,0.0,0.0,209.88,0.0,0.0,0.0
2023-05-13 22:48,1684014480,192.37,305.61,0.0,0.0,209.88,0.0,0.0,0.0
2023-05-13 22:49,1684014540,192.37,305.61,0.0,0.0,209.88,0.0,0.0,0.0
2023-05-13 22:50,1684014600,192.37,305.61,0.0,0.0,209.88,0.0,0.0,0.0
2023-05-13 22:51,1684014660,192.37,305.61,0.0,0.0,209.88,0.0,0.0,0.0
2023-05-13 22:52,1684014720,192.37,305.61,0.0,0.0,209.88,0.0,0.0,0.0
2023-05-13 22:53,1684014780,192.37,305.61,0.0,0.0,209.88,0.0,0.0,0.0
2023-05-13 22:54,1684014840,192.37,305.61,0.0,0.0,209.88,0.0,0.0,0.0
2023-05-13 22:55,1684014900,192.37,305.61,0.0,0.0,209.88,0.0,0.0,0.0
2023-05-13 22:56,1684014960,192.37,305.61,0.0,0.0,209.88,0.0,0.0,0.0
2023-05-13 22:57,1684015020,192.37,305.61,0.0,0.0,209.88,0.0,0.0,0.0
2023-05-13 22:58,1684015080,192.37,305.61,0.0,0.0,209.88,0.0,0.0,0.0
2023-05-13 22:59,1684015140,192.37,305.61,0.0,0.0,209.88,0.0,0.0,0.0
2023-05-13 23:00,1684015200,192.37,305.61,0.0,0.0,209.88,0.0,0.0,0.0
2023-05-13 23:01,1684015260,192.37,305.61,0.0,0.0,209.88,0.0,0.0,0.0
2023-05-13 23:02,1684015320,192.37,305.61,0.0,0.0,209.88,0.0,0.0,0.0
2023-05-13 23:03,1684015380,192.37,305.61,0.0,0.0,209.88,0.0,0.0,0.0
2023-05-13 23:04,1684015440,192.37,305.61,0.0,0.0,209.88,0.0,0.0,0.0
2023-05-13 23:05,1684015500,192.37,305.61,0.0,0.0,209.88,0.0,0.0,0.0
2023-05-13 23:06,1684015560,192.37,305.61,0.0,0.0,209.88,0.0,0.0,0.0
2023-05-13 23:07,1684015620,192.37,305.61,0.0,0.0,209.88,0.0,0.0,0.0
2023-05-13 23:08,1684015680,192.37,305.61,0.0,0.0,209.88,0.0,0.0,0.0
2023-05-13 23:09,1684015740,192.37,305.61,0.0,0.0,209.88,0.0,0.0,0.0
2023-05-13 23:10,1684015800,192.37,305.61,0.0,0.0,209.88,0.0,0.0,0.0
2023-05-13 23:11,1684015860,192.37,305.61,0.0,0.0,209.88,0.0,0.0,0.0
2023-05-13 23:12,1684015920,192.37,305.61,0.0,0.0,209.88,0.0,0.0,0.0
2023-05-13 23:13,1684015980,192.37,305.61,0.0,0.0,209.88,0.0,0.0,0.0
2023-05-13 23:14,1684016040,192.37,305.61,0.0,0.0,209.88,0.0,0.0,0.0
2023-05-13 23:15,1684016100,192.37,305.61,0.0,0.0,209.88,0.0,0.0,0.0
2023-05-13 23:16,1684016160,192.37,305.61,0.0,0.0,209.88,0.0,0.0,0.0
2023-05-13 23:17,1684016220,192.37,305.61,0.0,0.0,209.88,0.0,0.0,0.0
2023-05-13 23:18,1684016280,192.37,305.61,0.0,0.0,209.88,0.0,0.0,0.0
2023-05-13 23:19,1684016340,192.37,305.61,0.0,0.0,209.88,0.0,0.0,0.0
2023-05-13 23:20,1684016400,192.37,305.61,0.0,0.0,209.88,0.0,0.0,0.0
2023-05-13 23:21,1684016460,192.37,305.61,0.0,0.0,209.88,0.0,0.0,0.0
2023-05-13 23:22,1684016520,192.37,305.61,0.0,0.0,209.88,0.0,0.0,0.0
2023-05-13 23:23,1684016580,192.37,305.61,0.0,0.0,209.88,0.0,0.0,0.0
2023-05-13 23:24,1684016640,192.37,305.61,0.0,0.0,209.88,0.0,0.0,0.0
2023-05-13 23:25,1684016700,192.37,305.61,0.0,0.0,209.88,0.0,0.0,0.0
2023-05-13 23:26,1684016760,192.37,305.61,0.0,0.0,209.88,0.0,0.0,0.0
2023-05-13 23:27,1684016820,192.37,305.61,0.0,0.0,209.88,0.0,0.0,0.0
2023-05-13 23:28,1684016880,192.37,305.61,0.0,0.0,209.88,0.0,0.0,0.0
2023-05-13 23:29,1684016940,192.37,305.61,0.0,0.0,209.88,0.0,0.0,0.0
2023-05-13 23:30,1684017000,192.37,305.61,0.0,0.0,209.88,0.0,0.0,0.0
2023-05-13 23:31,1684017060,192.37,305.61,0.0,0.0,209.88,0.0,0.0,0.0
2023-05-13 23:32,1684017120,192.37,305.61,0.0,0.0,209.88,0.0,0.0,0.0
2023-05-13 23:33,1684017180,192.37,305.61,0.0,0.0,209.88,0.0,0.0,0.0
2023-05-13 23:34,1684017240,192.37,305.61,0.0,0.0,209.88,0.0,0.0,0.0
2023-05-13 23:35,1684017300,192.37,305.61,0.0,0.0,209.88,0.0,0.0,0.0
2023-05-13 23:36,1684017360,192.37,305.61,0.0,0.0,209.88,0.0,0.0,0.0
2023-05-13 23:37,1684017420,192.37,305.61,0.0,0.0,209.88,0.0,0.0,0.0
2023-05-13 23:38,1684017480,192.37,305.61,0.0,0.0,209.88,0.0,0.0,0.0
2023-05-13 23:39,1684017540,192.37,305.61,0.0,0.0,209.88,0.0,0.0,0.0
2023-05-13 23:40,1684017600,192.37,305.61,0.0,0.0,209.88,0.0,0.0,0.0
2023-05-13 23:41,1684017660,192.37,305.61,0.0,0.0,209.88,0.0,0.0,0.0
2023-05-13 23:42,1684017720,192.37,305.61,0.0,0.0,209.88,0.0,0.0,0.0
2023-05-13 23:43,1684017780,192.37,305.61,0.0,0.0,209.88,0.0,0.0,0.0
2023-05-13 23:44,1684017840,192.37,305.61,0.0,0.0,209.88,0.0,0.0,0.0
2023-05-13 23:45,1684017900,192.37,305.61,0.0,0.0,209.88,0.0,0.0,0.0
2023-05-13 23:46,1684017960,192.37,305.61,0.0,0.0,209.88,0.0,0.0,0.0
2023-05-13 23:47,1684018020,192.37,305.61,0.0,0.0,209.88,0.0,0.0,0.0
2023-05-13 23:48,1684018080,192.37,305.61,0.0,0.0,209.88,0.0,0.0,0.0
2023-05-13 23:49,1684018140,192.37,305.61,0.0,0.0,209.88,0.0,0.0,0.0
2023-05-13 23:50,1684018200,192.37,305.61,0.0,0.0,209.88,0.0,0.0,0.0
2023-05-13 23:51,1684018260,192.37,305.61,0.0,0.0,209.88,0.0,0.0,0.0
2023-05-13 23:52,1684018320,192.37,305.61,0.0,0.0,209.88,0.0,0.0,0.0
2023-05-13 23:53,1684018380,192.37,305.61,0.0,0.0,209.88,0.0,0.0,0.0
2023-05-13 23:54,1684018440,192.37,305.61,0.0,0.0,209.88,0.0,0.0,0.0
2023-05-13 23:55,1684018500,192.37,305.61,0.0,0.0,209.88,0.0,0.0,0.0
2023-05-13 23:56,1684018560,192.37,305.61,0.0,0.0,209.88,0.0,0.0,0.0
2023-05-13 23:57,1684018620,192.37,305.61,0.0,0.0,209.88,0.0,0.0,0.0
2023-05-13 23:58,1684018680,192.37,305.61,0.0,0.0,209.88,0.0,0.0,0.0
2023-05-13 23:59,1684018740,192.37,305.61,0.0,0.0,209.88,0.0,0.0,0.0
